src_ip,dest_ip,src_port,dest_port,protocol,packet_size,num_packets,flow_duration,bytes_transferred,packet_rate,timestamp
114.208.13.8,122.46.117.227,57422,33910,ICMP,1.646143,29,23,27562,1887,2023-01-01 00:00:00
39.193.236.24,38.15.247.21,33946,34501,UDP,0.871719,36,51,25373,1723,2023-01-01 00:01:00
102.200.245.21,212.53.148.199,41742,49649,TCP,0.554511,42,59,47105,1099,2023-01-01 00:02:00
234.237.3.153,240.15.58.246,49115,53733,ICMP,0.652771,26,70,31164,1948,2023-01-01 00:03:00
185.28.108.97,30.169.201.31,18404,29740,UDP,1.592741,20,13,2885,1661,2023-01-01 00:04:00
214.36.74.69,186.161.254.253,27894,13625,ICMP,0.799505,33,81,2049,873,2023-01-01 00:05:00
145.127.84.41,8.208.138.223,38418,37042,UDP,1.056906,20,97,44271,1903,2023-01-01 00:06:00
99.40.165.33,9.213.248.16,53081,9085,UDP,1.252549,16,84,2161,1198,2023-01-01 00:07:00
16.164.152.229,67.47.179.110,15283,9633,ICMP,1.588202,21,26,1815,2150,2023-01-01 00:08:00
121.75.86.116,152.122.148.100,15897,36395,ICMP,0.669847,41,94,37534,1698,2023-01-01 00:09:00
105.85.212.26,101.240.64.190,14040,45838,UDP,1.10955,31,66,28498,847,2023-01-01 00:10:00
56.30.133.218,216.50.35.80,43161,18509,TCP,1.227609,29,99,26037,4073,2023-01-01 00:11:00
167.97.11.236,232.126.87.193,1177,21829,ICMP,1.311241,17,57,37007,2422,2023-01-01 00:12:00
248.52.198.137,103.14.95.166,8877,8881,UDP,1.727541,12,53,14942,1653,2023-01-01 00:13:00
172.144.153.212,122.197.0.238,13403,12644,UDP,0.757517,9,54,28278,1715,2023-01-01 00:14:00
219.189.121.45,150.121.166.252,16816,9201,TCP,1.711747,16,89,9272,3854,2023-01-01 00:15:00
63.129.251.53,125.56.80.161,56657,31135,TCP,1.539318,45,99,34637,4524,2023-01-01 00:16:00
106.192.50.180,250.168.220.72,39391,56258,TCP,1.333806,7,42,39294,2402,2023-01-01 00:17:00
35.114.25.28,140.69.5.83,19124,24066,ICMP,1.549292,39,40,8741,4321,2023-01-01 00:18:00
148.10.39.10,51.244.2.80,61570,19669,UDP,1.118027,37,56,5694,4962,2023-01-01 00:19:00
255.163.112.186,62.48.75.111,48577,25429,UDP,0.707596,26,15,31306,3755,2023-01-01 00:20:00
38.231.226.53,174.108.182.191,64480,62537,UDP,1.498648,48,81,2934,3495,2023-01-01 00:21:00
97.54.110.151,64.80.194.217,12073,12850,TCP,1.287008,13,80,22556,316,2023-01-01 00:22:00
245.149.68.55,14.99.31.95,1810,14914,UDP,1.459062,45,43,19907,3416,2023-01-01 00:23:00
32.249.35.238,127.195.145.112,5392,17916,ICMP,1.006998,22,62,7159,1459,2023-01-01 00:24:00
147.210.226.243,82.42.115.162,31723,52555,TCP,1.8603,33,23,49487,3874,2023-01-01 00:25:00
234.80.189.250,231.77.57.32,58272,61532,TCP,1.381055,43,25,30158,4377,2023-01-01 00:26:00
108.234.225.200,13.161.188.246,48715,59055,TCP,0.628104,31,52,21293,4529,2023-01-01 00:27:00
153.193.244.72,131.215.58.156,38064,54928,TCP,1.174706,40,82,46761,4706,2023-01-01 00:28:00
200.39.16.128,82.133.120.224,53943,47622,ICMP,1.634534,49,83,47581,4578,2023-01-01 00:29:00
216.60.170.103,176.167.82.244,28478,10508,UDP,1.691202,21,90,34932,1996,2023-01-01 00:30:00
41.24.38.34,192.196.26.79,59010,6519,ICMP,1.241896,38,21,34387,4527,2023-01-01 00:31:00
130.241.228.107,133.231.12.239,39786,29505,UDP,1.842121,7,79,41750,999,2023-01-01 00:32:00
171.178.221.101,63.189.226.146,24624,12291,ICMP,0.901503,9,28,4066,741,2023-01-01 00:33:00
97.11.18.100,203.79.122.42,30262,53385,TCP,1.115898,18,50,22256,4829,2023-01-01 00:34:00
43.186.250.48,201.88.147.94,26265,41190,TCP,1.847895,7,62,42406,3727,2023-01-01 00:35:00
188.16.73.56,195.171.150.1,20834,7767,ICMP,1.844385,27,38,36105,295,2023-01-01 00:36:00
54.240.46.11,119.21.114.56,21191,55824,ICMP,1.528569,43,79,6594,1993,2023-01-01 00:37:00
61.79.215.82,228.71.6.205,22835,38963,UDP,1.788471,34,68,3460,3375,2023-01-01 00:38:00
7.222.148.80,183.118.194.113,40803,49797,ICMP,0.63316,49,98,7820,4150,2023-01-01 00:39:00
214.228.117.207,15.246.82.178,58228,58066,ICMP,1.797492,27,73,37210,4653,2023-01-01 00:40:00
197.199.24.209,209.243.207.71,21109,50500,UDP,0.98093,31,33,17191,2404,2023-01-01 00:41:00
88.11.142.58,123.224.112.11,47878,63455,UDP,0.767497,14,98,20095,3700,2023-01-01 00:42:00
153.232.108.25,125.52.74.132,10285,27593,UDP,0.859055,29,25,11529,3443,2023-01-01 00:43:00
46.31.9.15,26.139.144.133,19757,29576,ICMP,1.126953,17,61,33175,2156,2023-01-01 00:44:00
198.144.150.25,96.4.56.155,40803,46796,UDP,0.876788,20,89,18675,2908,2023-01-01 00:45:00
212.85.249.134,77.68.117.119,57231,44754,TCP,0.980851,45,15,44158,1324,2023-01-01 00:46:00
13.78.116.6,58.32.61.49,30103,29972,TCP,0.702468,38,46,47798,986,2023-01-01 00:47:00
136.114.175.71,111.232.18.213,35004,11799,TCP,0.944265,41,94,6374,492,2023-01-01 00:48:00
241.58.214.220,196.122.193.221,57141,4581,ICMP,1.358426,26,13,26976,1775,2023-01-01 00:49:00
81.222.221.115,46.166.195.32,15165,4611,TCP,1.162781,21,47,14142,3290,2023-01-01 00:50:00
166.226.145.186,140.83.181.134,10368,17559,ICMP,1.020078,27,50,13204,2546,2023-01-01 00:51:00
233.102.16.13,78.214.13.214,40496,1978,ICMP,1.619678,40,90,8394,4005,2023-01-01 00:52:00
158.151.226.107,146.127.53.220,16920,47586,TCP,1.840265,13,23,34593,3438,2023-01-01 00:53:00
187.44.97.130,247.147.28.23,24841,54530,UDP,1.635184,6,80,42964,3691,2023-01-01 00:54:00
36.170.167.217,81.62.201.104,30837,60739,ICMP,0.998001,36,95,12652,3866,2023-01-01 00:55:00
182.214.107.38,56.135.217.61,19919,24568,TCP,1.616663,26,60,34740,2627,2023-01-01 00:56:00
14.119.240.3,156.201.16.65,1167,63332,ICMP,0.72797,47,74,45036,2281,2023-01-01 00:57:00
92.213.152.140,5.57.68.155,11705,59559,UDP,0.695477,17,61,1443,3864,2023-01-01 00:58:00
209.160.15.236,61.168.196.81,8391,34479,UDP,1.018441,12,39,24903,454,2023-01-01 00:59:00
169.107.125.193,217.211.168.176,4252,42293,TCP,1.711554,5,66,34522,2731,2023-01-01 01:00:00
54.226.169.33,218.176.203.70,5606,16162,ICMP,0.869522,21,88,29180,1621,2023-01-01 01:01:00
157.250.246.12,250.130.9.97,14171,43486,ICMP,0.59488,16,91,49791,2772,2023-01-01 01:02:00
140.17.159.95,88.34.207.1,12421,4151,ICMP,0.697564,8,39,22119,3278,2023-01-01 01:03:00
226.122.38.45,123.23.73.165,39823,24171,ICMP,1.788117,17,51,11363,2437,2023-01-01 01:04:00
243.28.189.240,21.153.170.182,38035,46552,TCP,1.450675,35,20,44665,728,2023-01-01 01:05:00
220.61.244.235,38.218.156.238,14671,12583,UDP,0.879802,45,36,39164,2779,2023-01-01 01:06:00
184.15.183.235,229.19.218.40,28742,48588,TCP,1.332944,11,33,32541,4522,2023-01-01 01:07:00
238.120.9.157,181.147.107.146,45288,4419,ICMP,1.291369,27,48,4465,1538,2023-01-01 01:08:00
152.254.102.83,83.226.110.65,43341,26413,ICMP,1.483154,28,81,3711,1521,2023-01-01 01:09:00
132.64.221.176,157.52.33.149,48938,1869,UDP,0.849781,9,27,26198,1226,2023-01-01 01:10:00
2.172.141.119,66.133.206.26,20121,34956,ICMP,1.796604,9,86,23488,2783,2023-01-01 01:11:00
157.241.67.145,9.72.224.95,37977,46746,TCP,0.964053,21,54,39515,1880,2023-01-01 01:12:00
189.36.152.175,47.69.232.186,59725,64773,TCP,1.541197,34,97,24608,1631,2023-01-01 01:13:00
192.180.237.206,99.58.251.1,46278,39696,UDP,0.524187,13,96,28898,2014,2023-01-01 01:14:00
72.142.48.120,156.195.64.82,41120,14755,TCP,1.058986,10,21,2919,1332,2023-01-01 01:15:00
87.195.139.186,153.216.9.52,54809,60135,TCP,1.027565,29,58,32171,2056,2023-01-01 01:16:00
249.36.60.228,78.58.149.178,53368,55536,TCP,1.315227,23,40,47241,492,2023-01-01 01:17:00
170.123.197.38,47.148.122.247,50476,34146,TCP,0.609104,20,31,21599,925,2023-01-01 01:18:00
183.62.45.87,21.99.97.157,18131,52048,ICMP,1.685197,25,53,17965,3063,2023-01-01 01:19:00
10.61.76.225,24.236.27.192,55870,52200,TCP,0.826671,6,73,48003,2495,2023-01-01 01:20:00
152.198.51.3,112.44.67.6,4034,36609,UDP,1.515557,14,86,49478,4245,2023-01-01 01:21:00
58.71.147.92,48.136.163.82,6579,4856,UDP,1.704818,20,34,15434,4995,2023-01-01 01:22:00
62.53.116.242,128.137.163.72,1091,33356,TCP,1.342815,41,60,47246,1892,2023-01-01 01:23:00
236.109.73.106,236.45.105.159,29436,13491,UDP,1.611325,19,16,37649,3164,2023-01-01 01:24:00
225.56.217.168,31.5.175.165,45977,42049,TCP,1.49279,17,15,2999,1463,2023-01-01 01:25:00
240.249.2.119,144.73.113.26,52682,14131,UDP,1.033295,17,33,15849,2448,2023-01-01 01:26:00
5.4.4.53,53.177.162.243,35329,63835,UDP,1.713288,36,28,11903,3651,2023-01-01 01:27:00
46.214.176.8,250.84.126.152,50573,13482,TCP,0.942052,49,92,48468,3728,2023-01-01 01:28:00
98.19.121.240,155.110.14.131,63083,29690,TCP,1.356819,12,18,6445,3436,2023-01-01 01:29:00
60.122.233.162,92.122.72.154,12573,44505,ICMP,1.618097,47,45,36396,1665,2023-01-01 01:30:00
177.81.61.144,153.146.247.91,6704,3605,TCP,1.068434,22,49,19040,3767,2023-01-01 01:31:00
215.2.159.226,16.42.120.40,26763,10606,TCP,0.954151,40,33,1246,2313,2023-01-01 01:32:00
229.12.119.124,169.177.211.236,22233,59498,ICMP,1.189019,30,57,32153,4196,2023-01-01 01:33:00
238.88.72.67,167.38.112.244,42539,52662,TCP,1.726945,14,72,6212,1119,2023-01-01 01:34:00
141.100.97.10,150.110.223.179,23456,59202,TCP,1.894883,35,78,4339,1384,2023-01-01 01:35:00
104.183.66.122,46.255.62.224,16140,9442,ICMP,1.317625,37,62,24142,162,2023-01-01 01:36:00
219.28.136.194,248.109.68.42,21069,29115,TCP,1.492199,33,63,20394,2630,2023-01-01 01:37:00
152.225.75.169,175.33.39.202,27351,30137,TCP,1.85491,9,51,36136,3492,2023-01-01 01:38:00
8.206.39.24,60.177.194.61,36733,19851,ICMP,0.64782,17,54,13186,3372,2023-01-01 01:39:00
4.138.186.225,57.160.74.15,44641,59095,ICMP,0.848118,5,99,35607,2369,2023-01-01 01:40:00
215.123.206.37,81.93.47.246,61163,64068,UDP,1.56335,27,23,39973,4347,2023-01-01 01:41:00
71.250.132.175,137.81.37.126,27929,15443,TCP,1.735617,44,38,5395,743,2023-01-01 01:42:00
89.145.197.36,18.163.186.62,65172,62054,UDP,1.785544,7,15,16290,4821,2023-01-01 01:43:00
59.175.204.27,76.247.173.130,8091,12838,UDP,1.122661,7,16,23151,316,2023-01-01 01:44:00
196.204.80.113,201.101.64.246,33583,34828,ICMP,0.63401,11,46,4691,295,2023-01-01 01:45:00
39.44.223.61,119.90.237.7,55267,11048,TCP,1.156672,40,62,8470,3964,2023-01-01 01:46:00
92.114.185.66,178.237.233.208,43943,64312,TCP,0.846102,39,27,4841,3373,2023-01-01 01:47:00
55.39.97.39,72.252.133.106,19009,44724,ICMP,0.936795,19,96,38116,2794,2023-01-01 01:48:00
90.204.236.32,88.38.112.187,28393,58860,UDP,1.658401,44,47,18776,3312,2023-01-01 01:49:00
5.215.146.79,27.96.181.36,18888,8459,ICMP,0.613291,7,68,7060,2855,2023-01-01 01:50:00
167.91.96.58,136.81.55.186,23638,2572,TCP,1.741372,33,10,28584,1621,2023-01-01 01:51:00
58.47.168.12,84.1.188.57,59470,59511,ICMP,1.141504,34,77,49293,1180,2023-01-01 01:52:00
106.44.88.180,106.122.187.229,53452,6089,TCP,1.394096,43,53,5300,821,2023-01-01 01:53:00
169.99.190.154,249.167.163.113,48918,23904,UDP,0.634478,22,56,4338,1662,2023-01-01 01:54:00
165.187.6.132,251.106.36.78,16637,56359,TCP,1.006039,15,44,6487,739,2023-01-01 01:55:00
234.44.57.248,91.17.97.62,7471,54133,UDP,0.634551,47,96,37282,4360,2023-01-01 01:56:00
242.30.22.169,149.255.138.185,6523,4431,UDP,1.942316,42,69,30529,4410,2023-01-01 01:57:00
137.159.106.180,184.204.3.213,40065,34431,TCP,1.710892,44,99,31262,3887,2023-01-01 01:58:00
157.38.158.81,255.134.60.106,32339,33964,TCP,1.189449,5,61,12280,3836,2023-01-01 01:59:00
99.1.205.76,53.87.67.219,2323,6690,UDP,0.835404,33,17,44075,189,2023-01-01 02:00:00
220.11.38.193,206.128.54.2,55994,38146,ICMP,1.900183,14,89,29804,3021,2023-01-01 02:01:00
223.12.45.154,205.165.241.120,40493,54135,TCP,1.016895,32,50,10915,1351,2023-01-01 02:02:00
112.232.16.103,128.101.37.84,6018,26116,UDP,0.741477,35,12,12158,1202,2023-01-01 02:03:00
222.97.187.191,239.156.132.240,30902,65241,UDP,1.344747,23,78,9621,4803,2023-01-01 02:04:00
87.108.162.239,201.91.20.241,16651,58890,ICMP,1.915661,7,93,11547,448,2023-01-01 02:05:00
69.210.157.198,198.194.108.46,62247,11133,TCP,0.505745,40,23,24177,4013,2023-01-01 02:06:00
73.232.223.225,83.82.34.195,8513,36678,UDP,0.857187,47,35,47253,4152,2023-01-01 02:07:00
62.155.59.78,68.128.195.139,27135,35956,ICMP,1.907671,19,79,3459,3041,2023-01-01 02:08:00
221.36.220.21,187.26.55.233,33379,64695,UDP,0.756629,37,67,29768,345,2023-01-01 02:09:00
195.147.95.227,22.152.20.60,9293,27529,TCP,0.669865,45,49,39041,371,2023-01-01 02:10:00
241.67.218.191,62.121.51.87,3855,37737,ICMP,1.355281,47,60,43225,2130,2023-01-01 02:11:00
16.11.149.144,152.236.54.45,45394,55411,UDP,1.792766,49,14,39191,4598,2023-01-01 02:12:00
137.117.192.21,31.54.95.132,52897,44193,ICMP,1.215665,30,86,18434,3287,2023-01-01 02:13:00
217.119.250.209,35.109.233.176,12843,8770,TCP,1.991846,20,41,39247,3606,2023-01-01 02:14:00
49.13.191.174,105.57.38.79,51708,12999,ICMP,1.518758,40,89,16419,1565,2023-01-01 02:15:00
28.203.163.250,96.112.212.60,25837,52766,TCP,0.611112,37,10,36017,1295,2023-01-01 02:16:00
226.179.124.203,136.5.242.108,22661,41546,UDP,1.989248,24,86,36577,3187,2023-01-01 02:17:00
6.28.138.32,34.38.149.168,3020,16620,TCP,1.111841,17,63,3921,3108,2023-01-01 02:18:00
133.110.78.159,117.4.169.86,55487,55110,UDP,0.931104,37,20,5676,3923,2023-01-01 02:19:00
178.202.57.214,208.75.214.207,45411,54252,UDP,1.336819,9,62,21425,1714,2023-01-01 02:20:00
25.225.173.225,194.157.56.126,50453,38977,TCP,0.956461,41,17,36185,1226,2023-01-01 02:21:00
28.3.208.98,213.200.28.238,4113,34885,UDP,0.629686,18,34,14463,4479,2023-01-01 02:22:00
140.232.38.14,164.86.140.159,34315,4904,ICMP,0.502143,31,49,26474,616,2023-01-01 02:23:00
118.28.156.74,45.115.238.111,21683,44478,UDP,1.174375,27,41,41935,2765,2023-01-01 02:24:00
115.31.129.174,150.44.144.246,46202,56735,TCP,1.755295,18,97,2469,1401,2023-01-01 02:25:00
205.83.21.202,103.84.193.228,55541,44563,ICMP,1.358473,44,37,8292,711,2023-01-01 02:26:00
26.194.80.125,133.107.17.93,31453,44472,ICMP,1.998811,8,87,26409,849,2023-01-01 02:27:00
235.183.91.220,149.245.32.157,16756,3809,UDP,0.93027,43,12,24526,1956,2023-01-01 02:28:00
20.46.207.100,208.125.234.159,20530,23473,UDP,0.920683,23,93,24465,499,2023-01-01 02:29:00
186.83.5.146,169.242.205.121,41959,15823,TCP,0.739624,8,88,31955,1626,2023-01-01 02:30:00
184.196.130.250,137.238.251.114,6214,50072,ICMP,0.746095,34,71,27785,2124,2023-01-01 02:31:00
0.57.123.165,163.161.200.233,5599,40331,TCP,0.92778,23,36,22033,419,2023-01-01 02:32:00
14.161.188.162,27.10.205.166,41519,61126,UDP,1.68926,35,54,7931,435,2023-01-01 02:33:00
63.240.24.23,246.46.245.126,49170,51750,ICMP,1.858635,35,34,2091,2198,2023-01-01 02:34:00
11.17.14.235,146.117.142.125,35589,49808,TCP,1.962631,13,70,26772,273,2023-01-01 02:35:00
207.26.71.59,155.151.71.106,35923,55852,TCP,0.848434,17,53,17363,4119,2023-01-01 02:36:00
173.216.144.92,252.136.174.32,24730,48522,TCP,1.821946,18,55,29490,1741,2023-01-01 02:37:00
52.7.78.26,189.224.18.194,48692,44357,TCP,0.992383,14,23,1260,600,2023-01-01 02:38:00
173.49.243.198,73.167.174.233,65130,41852,TCP,0.669261,35,17,11456,3746,2023-01-01 02:39:00
130.92.191.171,192.156.177.97,23908,5014,ICMP,1.805037,41,57,23320,2463,2023-01-01 02:40:00
180.23.59.121,242.140.245.128,18223,55386,TCP,1.454158,27,23,14435,1956,2023-01-01 02:41:00
130.147.45.14,161.92.175.238,61062,55021,ICMP,0.747096,31,74,43145,3252,2023-01-01 02:42:00
152.221.205.198,204.47.176.244,58810,59461,TCP,1.144747,10,89,49581,1996,2023-01-01 02:43:00
16.125.235.83,63.60.156.38,45124,51365,UDP,0.930887,30,91,28025,1818,2023-01-01 02:44:00
227.8.165.175,127.87.25.16,40458,20097,UDP,1.605192,6,16,29109,1878,2023-01-01 02:45:00
248.187.62.213,70.12.68.25,50318,37887,TCP,1.180124,49,88,21754,4892,2023-01-01 02:46:00
245.244.116.129,48.194.6.57,13503,15573,UDP,1.98392,17,97,5301,3157,2023-01-01 02:47:00
87.71.138.63,48.102.52.192,35202,19283,ICMP,0.582117,23,58,8207,4927,2023-01-01 02:48:00
204.208.71.20,240.61.16.170,13689,57944,TCP,1.032523,5,64,28920,2813,2023-01-01 02:49:00
17.221.63.81,24.250.252.130,65092,20814,ICMP,1.22285,44,22,23203,3928,2023-01-01 02:50:00
109.238.94.165,206.28.116.234,1558,11003,TCP,1.2547,36,82,22545,4847,2023-01-01 02:51:00
31.10.44.216,159.25.123.143,27316,64880,UDP,0.973904,26,65,25016,1194,2023-01-01 02:52:00
32.251.101.168,24.53.155.72,37156,21340,ICMP,1.59386,33,65,32098,145,2023-01-01 02:53:00
135.10.213.178,119.55.64.92,51208,27207,UDP,1.812121,6,24,9556,1545,2023-01-01 02:54:00
87.40.144.75,248.85.79.168,37134,29348,UDP,1.908079,44,66,47563,2296,2023-01-01 02:55:00
120.45.159.206,242.107.178.117,59778,25648,TCP,1.70764,42,67,21102,3301,2023-01-01 02:56:00
79.53.85.91,232.198.205.156,64604,63539,ICMP,1.77587,15,44,39893,555,2023-01-01 02:57:00
147.160.201.167,82.146.193.168,23493,39200,UDP,1.325818,21,97,2924,1762,2023-01-01 02:58:00
159.241.251.96,172.14.130.138,65040,21269,TCP,1.738832,47,25,20479,3024,2023-01-01 02:59:00
1.224.32.232,180.173.29.56,47257,47729,TCP,0.955256,12,17,40451,1065,2023-01-01 03:00:00
204.157.160.76,231.145.178.127,38292,24814,TCP,1.097718,26,96,19922,1628,2023-01-01 03:01:00
115.153.149.102,47.193.223.135,65351,27780,UDP,0.97537,8,54,19660,3076,2023-01-01 03:02:00
193.165.102.89,21.5.203.238,2196,61414,TCP,1.201081,15,49,47099,3171,2023-01-01 03:03:00
173.121.241.142,184.103.35.78,59256,3857,ICMP,0.928369,12,63,10945,4969,2023-01-01 03:04:00
225.105.118.171,219.115.56.48,28938,6309,ICMP,1.942417,13,23,1306,2621,2023-01-01 03:05:00
48.103.202.60,172.81.65.76,21925,10613,UDP,0.969267,30,68,23959,1226,2023-01-01 03:06:00
194.122.133.8,44.245.78.19,41799,48500,ICMP,0.647067,6,62,5231,3504,2023-01-01 03:07:00
5.72.102.222,191.220.122.233,35433,15140,TCP,1.290226,20,36,39796,4592,2023-01-01 03:08:00
159.40.113.203,220.66.82.2,50647,8669,UDP,0.585649,35,56,13207,2443,2023-01-01 03:09:00
7.71.177.91,181.205.63.39,20348,45810,TCP,0.665815,10,89,40426,206,2023-01-01 03:10:00
61.83.61.110,58.182.61.131,9762,30174,UDP,0.829084,25,15,7336,2677,2023-01-01 03:11:00
250.126.6.202,250.59.115.74,38518,59199,UDP,1.196525,30,64,47664,3254,2023-01-01 03:12:00
83.207.131.133,121.222.106.95,45581,11913,TCP,1.149876,23,53,10630,4483,2023-01-01 03:13:00
57.21.153.126,90.157.234.129,25078,31310,ICMP,1.699538,32,27,18256,4153,2023-01-01 03:14:00
2.126.40.187,61.255.48.136,30733,38569,ICMP,1.609212,12,25,34909,4901,2023-01-01 03:15:00
105.13.202.209,91.158.123.225,44809,17018,UDP,1.139477,18,21,42168,314,2023-01-01 03:16:00
245.11.86.11,60.247.206.47,21131,36527,TCP,1.000556,28,29,34719,4539,2023-01-01 03:17:00
140.24.44.242,152.163.135.200,64293,47403,TCP,0.974703,48,54,43017,4389,2023-01-01 03:18:00
121.146.54.237,249.57.100.111,1387,58449,UDP,1.660993,41,73,46704,4353,2023-01-01 03:19:00
99.172.135.220,172.61.38.223,11382,25686,ICMP,0.578109,30,68,31013,564,2023-01-01 03:20:00
118.52.182.31,57.243.208.98,37101,40160,TCP,0.519232,35,99,15455,2472,2023-01-01 03:21:00
50.43.81.197,228.210.191.43,50721,27663,ICMP,1.693317,36,31,5722,691,2023-01-01 03:22:00
145.210.149.36,28.58.70.91,4264,18229,ICMP,1.21572,45,56,13812,2288,2023-01-01 03:23:00
95.55.104.58,8.126.219.133,7689,57701,UDP,0.696322,6,38,31276,983,2023-01-01 03:24:00
130.155.201.242,156.185.144.143,46713,33954,UDP,0.853349,29,95,37776,4258,2023-01-01 03:25:00
34.188.92.181,214.222.130.20,2960,8801,ICMP,1.898756,48,54,11060,403,2023-01-01 03:26:00
190.206.96.134,63.89.35.233,47760,29339,TCP,1.789254,6,86,14056,4591,2023-01-01 03:27:00
75.48.93.212,228.244.213.61,26562,48641,TCP,1.564678,46,18,7655,433,2023-01-01 03:28:00
158.185.188.23,169.75.169.188,44989,27997,UDP,1.223338,5,33,23574,2933,2023-01-01 03:29:00
147.36.3.219,12.10.53.15,13022,19340,ICMP,1.280485,40,24,14027,4606,2023-01-01 03:30:00
107.125.19.187,7.103.58.56,1906,28328,TCP,1.962867,16,45,5030,2431,2023-01-01 03:31:00
151.49.176.178,39.236.186.129,21248,37327,TCP,1.948656,13,22,25243,4661,2023-01-01 03:32:00
95.104.163.249,93.221.203.137,40715,31546,UDP,0.822904,40,53,34289,179,2023-01-01 03:33:00
116.97.255.227,43.138.206.79,59238,23364,ICMP,1.716657,45,80,20739,3863,2023-01-01 03:34:00
65.78.161.163,80.217.1.177,54787,20854,TCP,0.795864,32,81,35168,2931,2023-01-01 03:35:00
5.38.169.242,139.114.89.22,61353,14427,UDP,0.820306,42,87,45698,2077,2023-01-01 03:36:00
114.185.245.124,145.61.223.112,47500,15540,TCP,1.51414,37,85,37491,832,2023-01-01 03:37:00
11.130.236.17,127.61.37.248,59233,52966,TCP,1.107502,46,45,31013,4076,2023-01-01 03:38:00
39.20.142.224,238.194.165.194,31849,20115,TCP,1.897317,26,70,7579,1917,2023-01-01 03:39:00
98.25.7.99,221.60.128.221,6228,8983,UDP,0.633515,29,90,19242,1484,2023-01-01 03:40:00
239.221.86.41,172.223.155.148,29909,32956,ICMP,1.267288,22,49,5781,2224,2023-01-01 03:41:00
171.13.77.1,121.109.12.154,41080,31578,UDP,1.877782,10,36,21448,1298,2023-01-01 03:42:00
118.36.68.165,99.134.21.73,4227,37725,ICMP,1.85617,22,10,46641,2392,2023-01-01 03:43:00
236.40.61.245,230.180.206.206,61265,4409,TCP,0.734794,20,43,22446,4317,2023-01-01 03:44:00
59.124.110.13,131.223.22.118,3268,56812,ICMP,1.049957,19,77,12043,284,2023-01-01 03:45:00
247.230.216.83,69.215.83.249,33810,34714,TCP,1.428682,12,97,20853,4227,2023-01-01 03:46:00
129.230.69.144,100.83.203.160,50817,58265,TCP,0.739092,17,30,21079,1097,2023-01-01 03:47:00
122.88.248.27,27.135.0.164,4107,11391,UDP,1.952033,47,42,18101,2086,2023-01-01 03:48:00
65.162.228.4,62.21.69.124,22608,47529,TCP,1.872124,11,16,1642,2909,2023-01-01 03:49:00
254.192.167.203,148.95.162.78,9545,59950,UDP,0.750425,21,74,29016,4764,2023-01-01 03:50:00
183.163.44.150,4.59.119.45,51041,34356,ICMP,0.681733,36,12,19932,2457,2023-01-01 03:51:00
46.30.138.9,177.175.133.216,34565,20666,ICMP,0.628113,26,60,45653,1779,2023-01-01 03:52:00
194.117.13.79,55.109.186.247,30087,11813,TCP,1.864165,17,88,25945,3139,2023-01-01 03:53:00
201.92.9.75,231.254.156.198,5756,36292,UDP,0.790436,27,63,8549,4986,2023-01-01 03:54:00
93.104.0.132,103.76.229.145,60722,21974,TCP,1.124427,33,89,14397,2611,2023-01-01 03:55:00
19.7.170.203,1.7.74.224,61706,26587,UDP,1.173277,26,83,26362,3627,2023-01-01 03:56:00
0.56.63.117,181.124.255.37,53694,40673,UDP,1.398517,5,68,48842,3126,2023-01-01 03:57:00
211.27.120.106,175.26.19.139,28542,37428,UDP,0.607603,33,15,47539,2845,2023-01-01 03:58:00
164.174.228.203,42.188.30.90,40587,56206,ICMP,0.840138,9,38,34717,4273,2023-01-01 03:59:00
164.48.240.119,223.60.201.194,40776,34015,UDP,1.897236,39,26,24016,2681,2023-01-01 04:00:00
43.55.155.110,108.90.162.94,30721,40089,ICMP,1.862615,14,69,15732,4303,2023-01-01 04:01:00
206.133.107.250,142.143.252.12,3591,48687,UDP,1.671936,23,31,27911,2911,2023-01-01 04:02:00
188.147.113.77,112.34.243.202,17145,1374,ICMP,0.529102,41,33,18866,4190,2023-01-01 04:03:00
129.200.254.36,186.148.242.181,2698,57490,ICMP,0.99051,11,90,43607,469,2023-01-01 04:04:00
19.25.28.0,202.157.254.251,11899,19336,ICMP,1.441938,39,94,28621,3843,2023-01-01 04:05:00
118.34.197.228,47.244.34.85,45364,25151,TCP,0.912785,49,60,13823,2104,2023-01-01 04:06:00
244.58.68.160,165.158.205.151,1763,58716,UDP,1.86438,17,59,30986,1803,2023-01-01 04:07:00
240.178.205.11,113.176.223.99,2569,29877,TCP,1.450834,14,20,15690,3424,2023-01-01 04:08:00
233.19.180.241,159.182.206.255,30164,38524,UDP,0.60786,6,65,40107,540,2023-01-01 04:09:00
215.250.42.125,234.185.98.2,60627,34809,UDP,1.863508,10,80,11956,3357,2023-01-01 04:10:00
225.216.49.28,207.196.84.124,10351,19634,TCP,1.93665,12,51,22303,3006,2023-01-01 04:11:00
184.38.222.183,137.82.24.67,6151,24614,ICMP,0.616569,40,48,37533,326,2023-01-01 04:12:00
238.170.177.150,60.28.126.18,24355,30467,UDP,1.29854,29,78,30674,2501,2023-01-01 04:13:00
171.37.83.150,170.193.73.60,24028,49021,ICMP,0.955046,48,57,36595,4818,2023-01-01 04:14:00
127.125.44.51,170.152.19.47,42857,8194,TCP,1.089259,44,66,3058,1124,2023-01-01 04:15:00
79.177.233.123,210.86.151.138,54731,14327,ICMP,0.769477,11,30,12519,3591,2023-01-01 04:16:00
118.7.241.84,109.225.182.27,11516,7231,UDP,1.367108,27,91,32115,4356,2023-01-01 04:17:00
128.246.7.156,196.190.58.132,55821,13340,UDP,1.936969,23,29,1730,970,2023-01-01 04:18:00
95.101.4.238,50.148.11.49,59119,36211,UDP,1.254609,26,24,2832,3299,2023-01-01 04:19:00
85.174.33.192,131.245.112.169,14773,7264,TCP,0.624372,17,78,42368,1845,2023-01-01 04:20:00
54.118.217.170,211.165.152.13,64241,2917,UDP,1.430002,25,86,23889,543,2023-01-01 04:21:00
201.157.113.209,202.31.138.188,24532,14777,TCP,1.010334,5,60,49386,4658,2023-01-01 04:22:00
144.25.135.46,145.154.54.181,10069,39114,ICMP,1.783888,23,85,40938,572,2023-01-01 04:23:00
231.112.75.218,209.119.214.74,21140,12256,UDP,1.152017,37,71,5179,179,2023-01-01 04:24:00
71.88.45.195,20.171.132.86,19691,60436,UDP,0.789259,8,94,7299,339,2023-01-01 04:25:00
32.0.146.30,168.58.254.88,10545,57894,UDP,0.786658,46,46,8830,4752,2023-01-01 04:26:00
207.141.52.47,232.181.201.149,9693,57054,ICMP,1.653146,7,15,45207,689,2023-01-01 04:27:00
68.104.89.189,82.64.63.70,28326,18533,UDP,0.898381,31,80,38570,1460,2023-01-01 04:28:00
219.193.241.191,3.192.142.103,12307,4141,TCP,1.65085,45,35,23441,1984,2023-01-01 04:29:00
197.62.72.160,203.149.213.241,31959,37953,ICMP,0.808831,39,17,7615,2416,2023-01-01 04:30:00
168.88.175.12,174.208.92.173,8022,65114,ICMP,0.98253,32,82,7762,4530,2023-01-01 04:31:00
72.244.76.158,141.177.147.177,29830,49315,ICMP,1.19823,10,13,39311,411,2023-01-01 04:32:00
232.202.67.97,111.160.118.58,32648,5066,ICMP,1.914794,10,30,25709,1176,2023-01-01 04:33:00
124.101.237.131,42.206.11.39,14464,63598,ICMP,1.897597,48,40,38651,133,2023-01-01 04:34:00
101.18.197.225,117.19.221.165,46489,38225,TCP,0.810308,27,30,24434,1941,2023-01-01 04:35:00
81.140.232.22,130.155.183.89,47525,27770,ICMP,1.037329,37,34,22343,4581,2023-01-01 04:36:00
82.108.74.128,93.12.204.65,22821,15040,UDP,0.724099,20,24,16739,348,2023-01-01 04:37:00
87.253.53.198,36.176.229.65,2293,26046,ICMP,1.264978,28,44,1666,1234,2023-01-01 04:38:00
88.212.142.64,35.181.25.74,8892,36450,ICMP,1.190874,9,58,34044,4989,2023-01-01 04:39:00
75.249.198.142,199.107.167.42,31275,28962,ICMP,1.85114,45,52,28883,475,2023-01-01 04:40:00
148.146.59.92,149.147.7.28,13397,44702,ICMP,1.895008,46,50,15063,823,2023-01-01 04:41:00
216.160.48.223,39.217.157.208,20011,53659,ICMP,1.075351,17,46,34649,2013,2023-01-01 04:42:00
240.34.171.101,127.83.115.182,39753,65126,TCP,1.237607,16,66,35828,4397,2023-01-01 04:43:00
217.10.98.199,143.173.61.234,16758,36736,TCP,1.844354,9,51,48445,2592,2023-01-01 04:44:00
109.205.73.193,6.207.44.186,43453,62744,ICMP,1.710062,41,56,40470,2042,2023-01-01 04:45:00
173.8.2.84,238.183.175.154,42361,41002,TCP,0.505484,35,70,10429,4104,2023-01-01 04:46:00
25.71.47.193,180.214.87.255,41349,57829,UDP,0.980089,32,23,49621,2444,2023-01-01 04:47:00
197.155.116.220,254.72.162.178,19088,9811,ICMP,1.132661,32,77,33926,1431,2023-01-01 04:48:00
153.152.11.132,211.36.233.208,63538,3010,UDP,0.844574,34,62,49764,4688,2023-01-01 04:49:00
225.47.36.206,238.222.118.56,9457,11966,UDP,0.799357,22,93,38997,437,2023-01-01 04:50:00
43.227.14.42,7.206.94.116,49445,18482,ICMP,0.556677,48,43,41724,1965,2023-01-01 04:51:00
175.86.69.45,221.109.19.123,10135,13185,UDP,1.465055,31,85,33269,3237,2023-01-01 04:52:00
241.107.122.170,230.52.118.11,39474,21713,UDP,0.893765,39,33,32704,891,2023-01-01 04:53:00
236.20.150.106,176.16.63.41,64777,62589,UDP,0.578521,30,29,29391,3711,2023-01-01 04:54:00
246.79.46.116,93.156.146.237,49271,30187,ICMP,0.846469,43,78,25187,3800,2023-01-01 04:55:00
123.142.24.35,10.97.177.70,16071,61948,ICMP,1.702871,22,39,46334,1616,2023-01-01 04:56:00
202.50.14.67,107.57.33.250,9108,36799,UDP,1.777234,37,97,3526,4053,2023-01-01 04:57:00
20.140.213.18,19.49.101.215,22775,34761,ICMP,1.224599,29,16,25686,4008,2023-01-01 04:58:00
33.77.124.195,137.159.51.14,17477,9796,ICMP,1.124106,35,45,8803,2773,2023-01-01 04:59:00
239.116.51.237,228.83.130.36,21332,36616,UDP,1.966781,41,47,33668,2222,2023-01-01 05:00:00
26.156.238.155,125.248.39.71,39992,64769,ICMP,0.800847,6,89,7574,3885,2023-01-01 05:01:00
34.135.143.105,39.235.55.150,31101,62369,TCP,0.823039,37,61,9733,158,2023-01-01 05:02:00
163.157.145.1,103.138.109.191,44070,2235,ICMP,0.937801,43,24,8257,2533,2023-01-01 05:03:00
176.76.131.89,135.92.93.55,35799,1253,TCP,0.759136,47,55,37051,2162,2023-01-01 05:04:00
88.93.202.6,59.137.38.27,59168,54460,UDP,1.069048,47,32,16909,1354,2023-01-01 05:05:00
94.107.73.38,48.163.124.12,49594,49566,ICMP,1.866251,36,21,25146,3788,2023-01-01 05:06:00
140.158.70.190,223.35.100.25,47121,15369,UDP,1.423022,22,53,12802,3848,2023-01-01 05:07:00
55.240.169.188,85.3.222.81,25527,36977,UDP,1.11792,21,24,8896,4230,2023-01-01 05:08:00
41.183.35.83,191.165.126.87,3803,32843,UDP,1.901616,38,58,29133,4357,2023-01-01 05:09:00
195.117.6.53,126.119.214.21,22328,48803,UDP,0.572696,43,30,14526,3129,2023-01-01 05:10:00
128.171.119.172,129.30.118.10,1779,17909,UDP,0.815414,11,24,12278,2946,2023-01-01 05:11:00
105.46.122.140,219.45.95.189,40287,27732,ICMP,1.348833,46,23,47010,570,2023-01-01 05:12:00
118.149.117.20,196.191.229.9,43979,1072,TCP,1.423329,39,51,26551,4135,2023-01-01 05:13:00
213.219.136.25,167.127.237.151,56111,20974,ICMP,0.559336,34,89,26298,2999,2023-01-01 05:14:00
8.14.9.215,98.171.111.59,43305,16197,ICMP,1.104558,16,24,36338,1546,2023-01-01 05:15:00
121.120.124.169,189.86.144.64,52506,53231,ICMP,1.473731,39,72,23191,4543,2023-01-01 05:16:00
71.151.207.48,246.222.222.233,55881,59056,ICMP,1.547106,15,77,34092,4889,2023-01-01 05:17:00
153.90.36.67,56.182.105.180,58477,50562,TCP,1.45721,48,36,24871,1012,2023-01-01 05:18:00
49.151.18.99,183.225.8.21,18424,34761,ICMP,0.980845,8,96,10721,4342,2023-01-01 05:19:00
59.166.201.88,140.88.175.17,41139,29060,UDP,0.64028,29,62,39413,1811,2023-01-01 05:20:00
145.146.163.201,114.203.167.144,15273,59373,ICMP,1.140669,36,61,31279,774,2023-01-01 05:21:00
224.182.241.68,142.105.14.206,48671,48345,ICMP,0.693132,24,72,15404,1539,2023-01-01 05:22:00
174.48.226.107,62.246.166.12,47849,6844,TCP,1.921435,35,82,5486,2834,2023-01-01 05:23:00
225.160.118.148,80.31.136.39,45849,15316,TCP,1.212756,8,62,36198,3730,2023-01-01 05:24:00
208.149.175.36,147.217.218.212,25624,4076,UDP,0.975889,42,66,29687,785,2023-01-01 05:25:00
142.162.219.198,81.76.207.200,38730,45401,ICMP,1.649456,5,61,14156,1226,2023-01-01 05:26:00
159.10.137.200,190.75.171.37,20246,24805,ICMP,1.246923,7,52,1567,4316,2023-01-01 05:27:00
77.76.252.184,210.187.70.248,34529,3326,ICMP,0.965051,41,16,3179,2566,2023-01-01 05:28:00
253.152.1.63,226.47.17.143,39992,3307,UDP,1.717952,26,51,3019,2497,2023-01-01 05:29:00
34.6.84.145,182.38.195.186,42163,49177,TCP,1.800728,21,13,16919,4237,2023-01-01 05:30:00
66.41.117.124,88.223.61.231,50407,43591,UDP,1.509512,18,78,20703,3538,2023-01-01 05:31:00
166.168.240.202,140.108.80.240,52093,16644,ICMP,0.570447,45,14,19704,4224,2023-01-01 05:32:00
230.23.187.45,228.133.210.76,42326,31485,TCP,1.349484,39,84,19030,1065,2023-01-01 05:33:00
18.67.217.101,248.187.89.13,30172,21774,TCP,1.644942,17,89,4909,1019,2023-01-01 05:34:00
41.31.166.108,94.53.131.251,23326,33914,UDP,0.704755,39,50,9015,2972,2023-01-01 05:35:00
237.35.231.228,38.71.24.76,3647,24207,TCP,0.843006,47,13,4420,1608,2023-01-01 05:36:00
96.163.130.72,159.186.229.190,9670,10496,TCP,1.823743,6,11,48653,1312,2023-01-01 05:37:00
135.96.122.69,165.119.219.52,14567,4751,ICMP,0.530183,17,76,17740,971,2023-01-01 05:38:00
168.230.195.12,221.194.155.130,29984,47524,ICMP,1.629091,20,30,41253,4490,2023-01-01 05:39:00
48.59.129.187,236.245.225.207,63700,58626,TCP,1.21066,22,79,31328,3354,2023-01-01 05:40:00
4.171.26.159,149.95.252.165,23809,26547,TCP,1.170158,11,52,20465,963,2023-01-01 05:41:00
148.7.229.199,199.246.71.61,13841,31790,UDP,0.510645,49,91,5131,4053,2023-01-01 05:42:00
49.66.245.43,184.5.205.31,32430,38750,UDP,1.729097,40,78,11652,3208,2023-01-01 05:43:00
124.57.2.85,98.137.130.255,24480,1548,TCP,1.039737,45,18,22507,3155,2023-01-01 05:44:00
69.129.214.171,186.75.176.58,52452,10103,ICMP,1.311148,34,93,48147,4094,2023-01-01 05:45:00
1.101.208.34,30.92.254.68,24801,9423,TCP,1.515951,46,37,48671,2782,2023-01-01 05:46:00
97.214.29.115,189.51.88.126,58963,61750,TCP,1.553944,45,35,49681,4790,2023-01-01 05:47:00
7.149.43.185,168.30.253.212,54050,28394,ICMP,1.93397,11,91,24806,713,2023-01-01 05:48:00
35.196.76.220,249.83.230.126,21938,17556,ICMP,1.29701,19,92,20171,1972,2023-01-01 05:49:00
30.46.248.54,149.131.12.44,30577,58177,UDP,1.099579,44,12,21593,3254,2023-01-01 05:50:00
207.105.189.157,126.169.113.176,24572,17845,UDP,1.930555,23,82,10470,4660,2023-01-01 05:51:00
120.54.143.11,19.243.204.80,64245,44186,UDP,1.463165,47,58,45308,3473,2023-01-01 05:52:00
144.143.139.135,181.163.224.128,38289,4773,UDP,0.947226,41,26,22326,3291,2023-01-01 05:53:00
211.2.143.29,142.204.16.151,61037,12377,ICMP,0.689696,6,72,5597,667,2023-01-01 05:54:00
236.22.91.114,57.71.241.218,41725,47801,TCP,1.763832,46,64,38304,4233,2023-01-01 05:55:00
103.117.4.211,108.22.173.71,52311,29501,UDP,1.043272,17,32,31788,344,2023-01-01 05:56:00
103.247.107.64,7.58.217.110,7751,25594,UDP,1.490705,44,43,43725,120,2023-01-01 05:57:00
120.29.148.83,186.12.166.228,45948,21861,ICMP,1.206225,45,78,37930,493,2023-01-01 05:58:00
197.149.209.199,240.155.216.188,51741,12461,ICMP,0.798395,47,24,34071,3914,2023-01-01 05:59:00
230.31.160.244,15.118.1.245,33451,39128,TCP,1.40253,47,56,6067,2155,2023-01-01 06:00:00
15.203.37.243,209.254.144.29,17716,64394,TCP,0.591025,35,12,6024,3615,2023-01-01 06:01:00
225.252.141.35,102.12.95.241,32649,5575,ICMP,1.120014,20,92,8715,2475,2023-01-01 06:02:00
224.150.113.236,220.237.93.81,25942,3847,UDP,1.319922,46,37,32770,2010,2023-01-01 06:03:00
65.104.84.1,12.170.212.93,42419,55904,UDP,1.15407,48,12,12226,389,2023-01-01 06:04:00
218.248.200.192,148.111.54.80,42160,13940,UDP,1.623008,10,13,36399,2658,2023-01-01 06:05:00
74.66.179.189,167.210.115.142,50314,61638,TCP,1.741887,32,97,14412,460,2023-01-01 06:06:00
150.153.195.209,200.179.201.107,50369,16191,UDP,1.656865,36,40,48805,1722,2023-01-01 06:07:00
54.5.162.149,222.52.214.127,53433,42469,UDP,0.558219,48,54,45415,4414,2023-01-01 06:08:00
170.142.85.59,179.157.160.56,16601,48660,ICMP,0.791193,14,68,13569,4194,2023-01-01 06:09:00
100.243.233.11,51.136.181.110,20643,9415,UDP,1.304911,22,54,3369,2553,2023-01-01 06:10:00
238.48.41.165,0.43.226.74,47264,13682,ICMP,1.902233,8,84,45427,2115,2023-01-01 06:11:00
81.172.34.157,97.207.8.31,34734,30709,UDP,1.752435,13,46,33021,2140,2023-01-01 06:12:00
215.233.157.205,14.139.224.236,38412,52158,TCP,1.763802,11,74,1528,2144,2023-01-01 06:13:00
133.66.79.6,205.248.184.135,62247,24404,UDP,0.954812,12,18,44270,2900,2023-01-01 06:14:00
179.13.72.142,71.154.189.11,55896,43455,UDP,1.144172,47,26,31314,3070,2023-01-01 06:15:00
148.162.65.90,64.106.231.41,17219,29943,ICMP,1.206059,11,74,38443,931,2023-01-01 06:16:00
129.162.209.205,189.114.138.102,28713,63251,ICMP,0.736057,45,12,19047,1893,2023-01-01 06:17:00
19.209.255.9,170.94.16.224,12178,3335,ICMP,0.546602,44,35,20748,3792,2023-01-01 06:18:00
24.193.24.252,159.249.220.212,40145,41017,UDP,1.920354,7,62,36109,1891,2023-01-01 06:19:00
53.32.163.94,84.167.150.55,30436,45357,UDP,0.861069,21,40,14919,2941,2023-01-01 06:20:00
13.64.109.79,133.85.177.101,22365,44062,TCP,0.859923,6,35,48498,4790,2023-01-01 06:21:00
53.237.124.179,164.236.191.242,33042,59889,UDP,0.625069,19,32,16256,2254,2023-01-01 06:22:00
130.226.168.133,53.199.232.176,10169,14584,TCP,1.892762,33,39,5905,680,2023-01-01 06:23:00
24.140.116.225,226.114.138.87,43286,50780,ICMP,1.369606,26,19,49307,2953,2023-01-01 06:24:00
135.148.225.195,48.148.114.193,47354,58351,ICMP,1.500555,8,81,49023,2336,2023-01-01 06:25:00
24.78.67.172,62.103.82.102,53557,62216,ICMP,1.867365,10,98,9884,4276,2023-01-01 06:26:00
187.11.31.127,155.250.16.5,23247,61710,TCP,1.01843,42,73,29906,2255,2023-01-01 06:27:00
95.91.140.30,146.183.229.27,3904,49757,UDP,1.432261,30,31,42911,1444,2023-01-01 06:28:00
77.19.145.220,193.37.118.36,60555,39577,ICMP,0.558199,15,24,6950,445,2023-01-01 06:29:00
59.190.133.159,114.243.67.213,22295,27017,UDP,0.780159,30,65,2360,1986,2023-01-01 06:30:00
92.42.253.129,217.176.42.163,34337,31516,UDP,1.746869,21,83,38895,654,2023-01-01 06:31:00
59.150.210.30,57.12.51.57,47924,22005,ICMP,1.650153,28,29,22946,3870,2023-01-01 06:32:00
242.4.210.161,31.208.104.227,14328,25167,TCP,1.025964,32,56,48020,4497,2023-01-01 06:33:00
9.88.129.125,246.187.237.82,35719,13091,UDP,1.065216,39,96,9730,299,2023-01-01 06:34:00
10.177.252.158,185.251.98.237,31249,24940,ICMP,1.300332,35,62,23161,3040,2023-01-01 06:35:00
55.206.200.214,103.183.250.27,21560,61301,UDP,0.500362,17,62,28738,3590,2023-01-01 06:36:00
82.136.98.148,128.169.209.47,31855,42532,UDP,0.861867,39,10,4925,406,2023-01-01 06:37:00
72.155.189.237,39.96.190.203,50180,47445,UDP,0.812348,20,11,9463,3175,2023-01-01 06:38:00
114.6.79.143,199.215.207.113,12697,51014,UDP,0.875724,19,67,18412,1756,2023-01-01 06:39:00
251.96.3.3,131.165.235.154,22941,63894,UDP,1.708859,47,28,23402,2792,2023-01-01 06:40:00
102.39.16.100,136.110.143.183,28853,63912,TCP,0.919511,22,71,35010,1864,2023-01-01 06:41:00
102.123.51.220,75.30.215.118,16396,4839,TCP,0.787282,41,87,26717,375,2023-01-01 06:42:00
51.163.123.165,141.236.24.254,26962,32860,ICMP,1.256395,45,81,42552,3461,2023-01-01 06:43:00
230.177.62.228,33.66.249.151,60188,51023,TCP,1.798468,31,21,10797,1501,2023-01-01 06:44:00
115.190.61.255,253.117.233.72,55554,38501,TCP,0.862025,39,35,21594,4833,2023-01-01 06:45:00
252.226.6.154,25.147.191.103,56409,38299,TCP,0.617804,49,36,7406,1875,2023-01-01 06:46:00
91.213.13.198,9.210.66.151,3687,40367,UDP,1.034607,39,38,14965,3481,2023-01-01 06:47:00
228.252.85.132,4.194.185.26,61306,5797,UDP,1.621478,32,24,14733,4150,2023-01-01 06:48:00
253.182.129.61,207.112.14.162,48825,13470,ICMP,1.326036,43,55,27926,3560,2023-01-01 06:49:00
218.148.245.229,203.104.180.43,10489,31757,ICMP,1.72519,42,10,29783,1980,2023-01-01 06:50:00
78.148.137.214,25.174.161.214,4350,54644,ICMP,1.939388,13,69,18824,3935,2023-01-01 06:51:00
57.119.166.132,94.177.83.139,4683,11488,UDP,1.688994,16,66,37394,4378,2023-01-01 06:52:00
64.12.212.217,214.131.86.175,61313,49656,TCP,1.405705,19,12,43842,1944,2023-01-01 06:53:00
241.236.212.180,182.111.128.245,28618,22600,TCP,1.240012,25,27,29287,3477,2023-01-01 06:54:00
81.228.172.159,88.65.157.130,51307,4344,UDP,0.560104,39,61,17568,171,2023-01-01 06:55:00
163.208.226.240,121.148.216.83,5787,11774,ICMP,1.976483,46,69,31436,1776,2023-01-01 06:56:00
187.138.190.148,176.115.213.212,24145,38490,ICMP,1.075222,37,43,22380,1395,2023-01-01 06:57:00
51.255.182.116,189.252.224.115,11852,54487,ICMP,0.728342,23,98,25796,1143,2023-01-01 06:58:00
25.253.195.33,37.252.142.249,48612,27596,UDP,1.500063,27,69,9031,2725,2023-01-01 06:59:00
51.111.251.81,249.109.179.206,12245,53849,ICMP,0.926432,17,35,22947,3142,2023-01-01 07:00:00
231.226.232.220,45.24.20.215,12235,18972,ICMP,1.378667,48,81,4188,914,2023-01-01 07:01:00
179.156.165.41,120.121.132.69,14593,62386,UDP,1.380152,5,28,26669,2294,2023-01-01 07:02:00
20.41.140.112,112.106.111.107,32382,52016,TCP,1.168595,33,31,36713,3600,2023-01-01 07:03:00
104.191.16.119,46.214.195.90,38884,39850,UDP,1.754178,28,42,32813,409,2023-01-01 07:04:00
136.168.128.129,17.148.219.226,7046,24539,UDP,0.897451,20,47,7765,2161,2023-01-01 07:05:00
59.47.28.96,213.103.150.191,46361,28891,UDP,1.172949,29,44,24171,4327,2023-01-01 07:06:00
9.241.57.255,194.39.241.137,65497,61255,UDP,1.306538,27,76,11807,1977,2023-01-01 07:07:00
187.231.20.27,88.179.240.199,53335,1750,TCP,1.495437,32,92,11204,2902,2023-01-01 07:08:00
202.246.33.7,246.202.60.191,14539,26844,ICMP,1.675958,20,19,28066,2586,2023-01-01 07:09:00
186.213.199.176,4.121.236.180,7183,61828,UDP,1.092211,47,24,43120,4935,2023-01-01 07:10:00
78.144.187.86,54.36.55.186,57494,7721,TCP,1.46907,42,20,38367,3845,2023-01-01 07:11:00
87.172.210.68,236.101.92.196,47015,45702,ICMP,0.725916,15,99,23658,894,2023-01-01 07:12:00
159.171.192.86,72.58.239.1,42237,43049,ICMP,1.898972,7,33,38081,4114,2023-01-01 07:13:00
100.7.76.199,192.103.187.50,22715,13987,ICMP,1.074588,19,86,35986,4453,2023-01-01 07:14:00
248.86.42.128,29.10.219.107,25928,65384,UDP,1.594282,5,13,14786,3507,2023-01-01 07:15:00
108.178.151.226,75.166.89.204,60959,50458,UDP,0.530512,11,22,30283,2556,2023-01-01 07:16:00
151.16.132.147,122.199.190.191,44814,2105,ICMP,0.807781,5,82,1056,1951,2023-01-01 07:17:00
20.231.57.158,188.124.181.219,4068,21293,ICMP,1.230624,36,66,46301,1074,2023-01-01 07:18:00
109.227.138.179,121.93.200.102,10636,53057,ICMP,1.817379,13,46,33911,1147,2023-01-01 07:19:00
142.210.134.242,222.185.212.183,6660,11800,ICMP,1.290883,33,57,40986,4466,2023-01-01 07:20:00
27.50.234.185,238.161.246.30,12617,32840,ICMP,1.894806,30,80,9559,4337,2023-01-01 07:21:00
4.4.93.245,51.88.75.128,49971,15220,ICMP,1.225695,27,10,27058,3889,2023-01-01 07:22:00
95.7.63.137,182.21.39.100,3916,53146,TCP,1.235674,49,69,23745,3121,2023-01-01 07:23:00
37.110.223.111,110.128.64.248,22696,43136,ICMP,0.67962,47,21,1615,4469,2023-01-01 07:24:00
219.80.222.135,190.233.181.169,6836,16982,UDP,1.703984,33,30,9062,4129,2023-01-01 07:25:00
255.103.152.72,148.78.208.21,32109,24393,UDP,0.870448,42,20,29214,564,2023-01-01 07:26:00
193.206.177.194,165.98.236.207,63665,12713,UDP,1.849419,37,53,45288,387,2023-01-01 07:27:00
48.35.125.67,7.189.174.16,1678,18355,ICMP,1.866236,11,67,39745,3295,2023-01-01 07:28:00
77.104.168.216,16.245.89.140,55657,38552,UDP,1.914965,16,53,45187,975,2023-01-01 07:29:00
121.118.189.254,144.165.80.239,18167,60085,TCP,1.280346,35,87,43548,2092,2023-01-01 07:30:00
113.9.148.163,77.172.5.162,56958,14460,ICMP,1.515641,36,43,11681,3025,2023-01-01 07:31:00
139.90.231.1,109.13.238.71,2822,1090,UDP,1.667774,24,34,7984,1220,2023-01-01 07:32:00
117.12.180.159,188.142.53.252,38951,31749,TCP,0.696522,21,13,28579,546,2023-01-01 07:33:00
94.143.31.31,26.12.240.158,61339,26236,TCP,1.401436,40,73,26274,2932,2023-01-01 07:34:00
123.225.10.9,244.247.162.59,30111,58681,UDP,0.551447,7,99,38739,3668,2023-01-01 07:35:00
14.16.167.145,5.196.213.57,12642,61765,TCP,1.246349,5,25,28399,2996,2023-01-01 07:36:00
182.200.152.231,48.150.216.161,9470,34356,UDP,0.732264,31,19,32481,821,2023-01-01 07:37:00
58.77.123.249,25.46.4.217,22670,59969,TCP,0.774384,44,75,1944,2263,2023-01-01 07:38:00
216.113.21.243,19.133.197.58,37615,26425,ICMP,1.047571,37,44,29457,2682,2023-01-01 07:39:00
157.211.212.171,191.241.145.131,49891,65017,ICMP,1.148656,24,92,10114,1451,2023-01-01 07:40:00
31.178.173.112,16.248.13.205,52052,14417,ICMP,1.434759,18,15,40846,4080,2023-01-01 07:41:00
119.148.226.121,12.134.127.43,61125,4694,ICMP,0.611643,40,28,19130,4602,2023-01-01 07:42:00
31.221.118.38,118.142.18.62,28224,26625,ICMP,1.255538,9,68,13312,3484,2023-01-01 07:43:00
240.11.232.174,234.238.235.162,30595,3275,UDP,0.773938,27,62,33596,1825,2023-01-01 07:44:00
17.148.140.253,80.162.146.147,23562,46741,ICMP,1.360963,49,17,39551,793,2023-01-01 07:45:00
148.125.135.45,99.162.159.121,41579,34596,ICMP,1.456107,19,87,10751,3513,2023-01-01 07:46:00
103.237.134.150,175.43.103.151,62489,28051,ICMP,1.335064,10,19,7907,594,2023-01-01 07:47:00
235.223.202.255,60.124.144.70,44988,32870,ICMP,1.607443,37,76,29114,1047,2023-01-01 07:48:00
85.149.234.88,106.49.64.98,21924,22039,TCP,1.003414,23,47,26009,122,2023-01-01 07:49:00
21.91.28.12,31.163.140.197,53910,10607,ICMP,1.64766,17,38,20310,1228,2023-01-01 07:50:00
209.1.28.212,57.127.141.164,59612,51411,ICMP,1.149151,33,24,36725,657,2023-01-01 07:51:00
206.179.26.49,111.206.238.253,23380,24128,UDP,1.226277,10,96,19996,1716,2023-01-01 07:52:00
94.206.242.150,67.39.186.207,24047,13248,TCP,1.472153,19,32,7047,3830,2023-01-01 07:53:00
87.43.204.21,219.143.189.131,55532,61648,UDP,0.527538,20,91,40017,1756,2023-01-01 07:54:00
170.164.188.96,172.89.27.95,40172,57082,ICMP,1.480991,28,55,29767,4273,2023-01-01 07:55:00
183.2.190.117,236.193.30.2,18416,39808,UDP,1.427878,27,92,17347,906,2023-01-01 07:56:00
18.22.156.29,245.135.23.14,21722,31860,UDP,0.964771,14,37,37527,3412,2023-01-01 07:57:00
38.107.110.24,170.158.200.230,43494,30323,ICMP,0.628691,45,35,25102,4963,2023-01-01 07:58:00
127.228.110.135,44.193.7.70,27559,14060,TCP,0.636403,45,19,5263,553,2023-01-01 07:59:00
105.185.143.71,247.107.114.102,52684,20957,TCP,1.884836,21,56,44049,3075,2023-01-01 08:00:00
128.107.4.2,233.124.56.207,54934,13416,UDP,1.533919,48,13,2902,2424,2023-01-01 08:01:00
192.131.103.226,226.29.201.229,36474,65006,ICMP,0.690654,49,64,31823,1547,2023-01-01 08:02:00
223.63.105.97,145.113.196.116,57487,8962,UDP,1.035085,34,75,31540,2661,2023-01-01 08:03:00
234.216.9.148,220.166.59.97,34781,5165,UDP,1.388724,48,76,36335,2611,2023-01-01 08:04:00
127.45.230.218,170.125.172.150,13500,24374,UDP,1.753358,14,16,11190,2971,2023-01-01 08:05:00
154.65.168.111,196.93.133.183,42238,10570,ICMP,0.565491,23,64,41843,462,2023-01-01 08:06:00
12.136.243.163,121.252.237.107,62531,6359,ICMP,0.85495,33,89,28690,3554,2023-01-01 08:07:00
85.233.89.57,3.92.150.5,5735,6101,TCP,1.834623,6,40,3994,2898,2023-01-01 08:08:00
53.11.208.205,31.105.145.14,7503,47039,ICMP,0.513748,40,83,38997,4720,2023-01-01 08:09:00
13.120.161.180,167.121.95.200,32414,6635,UDP,0.802099,23,28,3010,3553,2023-01-01 08:10:00
120.19.74.143,228.201.211.5,57140,60204,UDP,1.938536,11,37,8377,3355,2023-01-01 08:11:00
242.222.246.69,111.119.122.190,14185,41881,TCP,1.420103,30,90,14036,1317,2023-01-01 08:12:00
55.210.100.185,66.105.138.42,33176,36684,ICMP,0.892507,19,37,27467,1585,2023-01-01 08:13:00
131.110.124.131,144.95.131.190,15659,60864,UDP,0.600487,42,28,1048,2203,2023-01-01 08:14:00
19.137.23.245,195.80.40.210,41867,60951,TCP,0.542287,7,96,37978,2636,2023-01-01 08:15:00
226.153.36.229,132.159.213.247,31321,60926,TCP,0.867118,42,29,48606,1955,2023-01-01 08:16:00
212.53.231.102,197.34.21.192,21860,6601,UDP,1.822229,20,22,17038,4917,2023-01-01 08:17:00
148.201.37.173,211.149.111.246,25855,21026,UDP,1.12387,6,86,33576,1307,2023-01-01 08:18:00
3.187.56.172,10.204.250.233,2031,51735,ICMP,1.5805,35,52,8878,1548,2023-01-01 08:19:00
19.16.118.70,2.136.59.75,56672,40475,TCP,1.877428,32,20,28609,1607,2023-01-01 08:20:00
3.220.13.2,86.13.224.17,27355,35299,UDP,1.112061,11,57,49115,1103,2023-01-01 08:21:00
215.228.79.185,112.250.232.72,41480,50127,TCP,0.786916,34,24,25070,1025,2023-01-01 08:22:00
54.243.131.119,22.201.82.124,11787,29671,ICMP,1.275677,47,26,41647,183,2023-01-01 08:23:00
253.23.161.157,174.68.46.115,4932,35855,UDP,1.862126,11,63,22996,3842,2023-01-01 08:24:00
81.146.158.187,255.214.29.24,28597,53818,ICMP,1.706562,40,59,19161,4027,2023-01-01 08:25:00
59.146.48.62,155.225.236.247,20211,35792,TCP,0.598745,33,37,47022,1642,2023-01-01 08:26:00
109.210.149.151,111.238.24.73,12981,31986,ICMP,1.538859,28,92,41148,1085,2023-01-01 08:27:00
108.75.29.57,205.233.248.237,5403,64437,ICMP,1.357846,43,13,3228,4331,2023-01-01 08:28:00
229.116.158.99,57.93.118.126,28983,49358,TCP,1.861195,8,31,27365,1008,2023-01-01 08:29:00
191.18.175.172,168.24.77.98,17506,30607,ICMP,0.683722,33,95,26188,3008,2023-01-01 08:30:00
227.93.182.112,115.47.225.9,58564,2318,TCP,1.301054,48,48,43582,4785,2023-01-01 08:31:00
182.224.145.62,98.202.10.84,28129,16120,UDP,1.819194,9,43,9888,2837,2023-01-01 08:32:00
115.112.250.219,148.213.172.134,1901,37857,TCP,1.115036,33,53,24130,2686,2023-01-01 08:33:00
250.46.202.56,246.208.191.125,49377,47882,TCP,1.222992,34,51,40159,1243,2023-01-01 08:34:00
251.117.44.160,63.1.75.120,19276,28352,UDP,0.605691,33,49,43197,1431,2023-01-01 08:35:00
144.197.3.147,41.209.53.250,32358,25422,TCP,0.917215,30,21,19790,3448,2023-01-01 08:36:00
239.46.218.142,74.15.240.242,20073,60121,UDP,0.98676,23,11,25824,1653,2023-01-01 08:37:00
197.46.77.123,17.226.244.186,18796,62578,UDP,1.917684,30,37,34405,2442,2023-01-01 08:38:00
74.102.136.89,89.143.5.184,52591,51779,TCP,0.924001,41,83,25474,1906,2023-01-01 08:39:00
143.68.248.243,107.234.174.238,58937,18730,ICMP,1.191303,31,95,18333,2200,2023-01-01 08:40:00
60.137.49.2,47.41.75.187,3661,23364,ICMP,1.506957,34,90,43864,905,2023-01-01 08:41:00
204.106.112.93,76.131.230.245,8266,64908,UDP,0.743275,34,99,37355,4247,2023-01-01 08:42:00
253.117.236.197,129.217.58.154,43049,19849,ICMP,1.229664,7,76,34879,2875,2023-01-01 08:43:00
80.250.108.50,26.78.254.71,42405,18506,ICMP,1.607809,47,80,9367,171,2023-01-01 08:44:00
244.146.169.34,6.190.110.118,36675,55249,TCP,1.800283,11,81,1722,127,2023-01-01 08:45:00
45.153.242.68,173.62.231.123,34996,59873,UDP,1.439389,13,93,32145,568,2023-01-01 08:46:00
92.63.164.211,11.140.253.42,17952,10342,UDP,1.50358,45,85,38634,4083,2023-01-01 08:47:00
48.148.73.191,16.62.252.208,29766,42280,TCP,0.689425,46,90,11139,863,2023-01-01 08:48:00
4.99.69.89,119.35.212.7,12855,45033,ICMP,1.918665,17,19,3128,1524,2023-01-01 08:49:00
3.125.230.38,68.89.207.35,49256,44209,UDP,0.698861,19,95,42886,2348,2023-01-01 08:50:00
241.162.128.23,27.117.92.174,51399,16598,ICMP,1.662009,9,66,21617,3932,2023-01-01 08:51:00
56.99.69.40,75.100.157.150,20580,49094,UDP,0.897224,33,95,29080,4160,2023-01-01 08:52:00
181.173.59.107,143.13.201.70,26367,15674,UDP,1.90039,39,46,36285,4170,2023-01-01 08:53:00
187.56.30.83,236.179.123.124,23858,47142,UDP,1.579939,31,86,18533,1775,2023-01-01 08:54:00
151.216.35.212,36.28.194.142,62025,29954,UDP,1.630721,31,73,33624,659,2023-01-01 08:55:00
157.151.107.105,227.174.173.179,47786,21195,ICMP,0.828589,12,88,47996,4574,2023-01-01 08:56:00
157.85.219.134,18.204.105.20,40312,64518,ICMP,1.16456,36,95,47947,3931,2023-01-01 08:57:00
162.182.219.13,63.164.26.54,34446,35888,ICMP,1.42672,24,49,28956,2018,2023-01-01 08:58:00
119.137.79.143,243.28.147.24,24229,12825,ICMP,1.65496,14,69,43443,178,2023-01-01 08:59:00
181.222.105.216,69.62.163.129,19854,52384,TCP,0.655939,17,57,34077,3747,2023-01-01 09:00:00
204.69.43.72,149.223.15.145,56068,23396,UDP,1.943548,33,28,4952,1131,2023-01-01 09:01:00
44.227.183.106,196.181.99.29,9436,17583,UDP,1.835331,39,81,47639,2172,2023-01-01 09:02:00
83.81.249.106,44.18.214.33,4690,33358,UDP,0.905523,12,42,43460,4645,2023-01-01 09:03:00
184.20.195.177,140.170.61.117,38069,40961,TCP,1.73414,33,53,23796,1584,2023-01-01 09:04:00
160.218.6.69,220.99.21.179,21810,14312,ICMP,1.277486,35,46,32746,2345,2023-01-01 09:05:00
126.142.209.159,179.110.163.72,52745,23422,UDP,1.19271,45,98,22249,1650,2023-01-01 09:06:00
247.202.147.215,230.242.146.37,6539,11718,ICMP,0.971651,34,45,1015,4885,2023-01-01 09:07:00
142.175.198.148,69.115.238.78,42997,13215,ICMP,1.371453,26,90,26957,4782,2023-01-01 09:08:00
169.153.235.119,184.147.8.31,27651,19075,TCP,1.594834,25,97,17005,1929,2023-01-01 09:09:00
127.141.56.164,131.49.81.4,16222,62739,TCP,1.116399,16,30,22292,3851,2023-01-01 09:10:00
57.20.81.68,147.86.125.74,5009,11761,ICMP,1.443829,15,11,32876,4822,2023-01-01 09:11:00
130.86.217.164,164.21.185.67,46927,26275,UDP,1.548969,6,40,48046,2131,2023-01-01 09:12:00
215.48.146.114,220.43.33.76,41959,51999,UDP,1.566683,45,39,15817,4559,2023-01-01 09:13:00
88.84.127.139,41.136.105.94,30499,6171,TCP,0.577949,6,85,26470,3956,2023-01-01 09:14:00
248.188.168.160,134.67.146.233,41240,51532,TCP,1.789622,38,53,10759,2282,2023-01-01 09:15:00
177.116.195.126,221.158.127.162,54486,53248,TCP,1.18738,7,21,49432,4569,2023-01-01 09:16:00
233.248.70.85,184.84.188.158,20427,20667,TCP,0.893624,20,60,7412,2194,2023-01-01 09:17:00
246.32.80.151,82.94.180.31,4705,39991,TCP,0.862647,8,58,21504,4003,2023-01-01 09:18:00
60.60.97.27,65.186.115.137,27043,34338,TCP,1.224521,27,33,43964,3132,2023-01-01 09:19:00
185.42.168.166,129.193.59.215,54372,39023,TCP,1.830247,24,33,9507,1648,2023-01-01 09:20:00
85.176.16.97,16.95.143.15,28610,41757,UDP,1.067521,29,69,22050,467,2023-01-01 09:21:00
197.237.197.97,45.166.244.158,50748,19491,TCP,1.624589,34,20,5820,164,2023-01-01 09:22:00
64.73.84.4,106.87.128.138,43316,35832,TCP,0.645228,22,22,8835,3399,2023-01-01 09:23:00
1.21.111.56,118.84.3.70,38545,54710,UDP,1.214085,46,81,28631,4949,2023-01-01 09:24:00
65.73.97.143,153.110.49.139,40874,2776,UDP,1.987529,15,83,35617,2135,2023-01-01 09:25:00
111.178.124.166,94.208.224.202,37794,59983,ICMP,1.655657,33,81,14587,2963,2023-01-01 09:26:00
85.75.87.238,91.223.64.46,6653,2873,TCP,0.815793,21,73,35721,1976,2023-01-01 09:27:00
167.37.187.58,219.180.105.198,28734,3666,TCP,1.252162,30,29,46499,4951,2023-01-01 09:28:00
137.98.191.242,129.105.23.3,31352,2624,TCP,0.850437,27,81,7840,2328,2023-01-01 09:29:00
62.48.191.31,107.18.153.202,13302,61764,TCP,1.114341,24,82,38834,696,2023-01-01 09:30:00
134.20.19.153,39.49.170.74,9441,47743,ICMP,1.670126,49,80,32440,3706,2023-01-01 09:31:00
126.67.109.115,236.194.11.194,54376,21810,UDP,1.656837,6,87,36183,2774,2023-01-01 09:32:00
213.142.119.231,233.26.112.181,35789,45589,UDP,0.842151,28,37,31636,3989,2023-01-01 09:33:00
212.78.213.115,193.48.143.129,9987,21207,TCP,1.883335,35,11,3389,3606,2023-01-01 09:34:00
91.13.154.124,59.181.29.83,49576,50794,TCP,1.388852,31,52,49979,1934,2023-01-01 09:35:00
232.167.57.27,165.27.24.95,57598,2156,TCP,1.069886,6,17,1763,1495,2023-01-01 09:36:00
25.112.190.65,124.9.187.41,38316,39283,ICMP,1.252903,18,22,24925,1686,2023-01-01 09:37:00
152.247.253.130,39.224.76.247,26033,32100,ICMP,1.407607,8,94,27549,211,2023-01-01 09:38:00
199.43.96.41,104.117.41.46,63694,64692,UDP,1.339836,17,44,40023,552,2023-01-01 09:39:00
243.226.5.166,164.245.207.236,28699,63843,TCP,1.229608,40,32,40941,2903,2023-01-01 09:40:00
179.22.88.122,21.184.211.241,61097,39587,TCP,1.257399,39,55,24457,2731,2023-01-01 09:41:00
177.170.146.196,106.26.40.79,37199,27715,TCP,0.764618,48,24,22423,2286,2023-01-01 09:42:00
50.10.247.11,161.159.217.88,7755,44323,TCP,1.719099,12,11,11518,4448,2023-01-01 09:43:00
73.7.151.251,65.11.167.72,41587,11955,ICMP,1.31264,6,70,44020,2104,2023-01-01 09:44:00
219.40.163.228,75.89.200.9,12356,62644,UDP,0.69662,10,85,33360,1559,2023-01-01 09:45:00
84.71.54.136,95.248.225.175,59233,8657,UDP,1.649236,35,73,46215,2042,2023-01-01 09:46:00
46.142.175.237,19.38.59.65,20201,64945,ICMP,1.898666,14,61,48857,3593,2023-01-01 09:47:00
103.209.41.59,64.178.123.163,24742,51663,TCP,1.92096,48,45,29173,1957,2023-01-01 09:48:00
211.197.11.129,151.245.154.129,3935,58024,UDP,1.053527,25,76,10395,161,2023-01-01 09:49:00
6.79.130.108,158.56.77.193,58128,38801,UDP,0.703275,46,78,45835,1594,2023-01-01 09:50:00
2.26.113.106,28.14.11.100,19823,59925,ICMP,1.277599,14,76,20207,1280,2023-01-01 09:51:00
39.229.160.219,155.83.124.102,50426,35905,TCP,0.668914,27,56,39055,2888,2023-01-01 09:52:00
128.246.255.7,23.148.137.109,16218,2068,UDP,1.900981,7,92,47229,1975,2023-01-01 09:53:00
100.159.123.175,77.100.145.215,5975,47715,TCP,0.775369,36,11,27639,2308,2023-01-01 09:54:00
106.100.3.221,141.161.127.57,41890,36223,UDP,0.879149,24,53,47170,4736,2023-01-01 09:55:00
197.109.245.18,75.149.247.197,29357,25387,ICMP,1.109955,14,73,29924,4821,2023-01-01 09:56:00
31.136.11.138,35.172.163.21,22697,47718,TCP,1.074747,33,90,8433,205,2023-01-01 09:57:00
45.118.15.128,205.126.79.188,49909,2606,ICMP,1.691994,45,87,31104,1254,2023-01-01 09:58:00
62.108.118.244,99.183.216.95,41894,15398,UDP,1.184475,38,37,45052,3528,2023-01-01 09:59:00
20.157.12.161,160.172.163.147,57433,2332,ICMP,0.756152,41,63,38594,4187,2023-01-01 10:00:00
3.155.101.249,17.37.194.150,63024,22325,ICMP,0.900815,24,83,4664,1808,2023-01-01 10:01:00
222.58.246.127,223.108.122.143,6589,9817,ICMP,1.26367,12,76,11528,2923,2023-01-01 10:02:00
26.68.24.130,186.196.195.148,23845,2644,UDP,0.721181,11,45,29190,4025,2023-01-01 10:03:00
96.195.24.147,103.242.205.230,26518,63248,TCP,1.417484,10,72,1497,2008,2023-01-01 10:04:00
161.153.125.253,222.205.197.139,34965,57679,ICMP,1.348621,15,34,8641,2149,2023-01-01 10:05:00
132.226.188.219,143.80.236.86,61571,30907,TCP,1.572053,48,95,5643,4564,2023-01-01 10:06:00
220.8.115.229,141.60.198.45,9648,38558,UDP,1.906557,22,57,6056,1374,2023-01-01 10:07:00
177.133.210.59,31.14.43.144,48186,55538,TCP,1.868382,46,48,33899,1045,2023-01-01 10:08:00
171.120.138.193,168.53.238.43,47048,38984,ICMP,1.919113,33,56,6443,4004,2023-01-01 10:09:00
174.107.107.200,97.4.108.26,1859,40414,ICMP,0.867073,29,30,18241,2327,2023-01-01 10:10:00
212.215.225.213,115.86.103.255,60614,7117,ICMP,0.697348,25,39,47211,3896,2023-01-01 10:11:00
130.75.219.29,122.205.78.42,19670,56880,ICMP,0.953415,7,40,9712,392,2023-01-01 10:12:00
217.239.20.155,96.244.30.98,59265,50276,ICMP,1.842628,22,35,9221,4779,2023-01-01 10:13:00
247.217.189.160,16.219.82.109,12848,56833,ICMP,1.95808,28,31,32346,2322,2023-01-01 10:14:00
212.162.179.33,181.189.214.31,38359,23283,UDP,1.788987,42,30,16660,4073,2023-01-01 10:15:00
40.50.174.81,167.140.250.211,4839,21679,UDP,0.665027,14,10,39915,2591,2023-01-01 10:16:00
57.74.184.22,34.132.200.28,50422,34029,UDP,1.921142,31,46,12588,2575,2023-01-01 10:17:00
175.127.149.16,69.254.152.94,3453,32653,TCP,1.135037,16,86,38372,4960,2023-01-01 10:18:00
68.107.138.93,21.193.172.68,42974,24634,TCP,0.513965,11,94,43220,3829,2023-01-01 10:19:00
14.90.162.32,251.218.88.71,61678,58208,UDP,1.163591,21,55,18942,527,2023-01-01 10:20:00
211.124.15.161,246.128.211.171,42910,22626,TCP,0.569104,5,18,37373,3072,2023-01-01 10:21:00
65.226.167.247,86.95.74.166,45422,21433,TCP,1.315817,30,26,47052,206,2023-01-01 10:22:00
155.46.166.197,238.53.87.202,55463,12134,ICMP,1.007831,19,56,2607,3719,2023-01-01 10:23:00
200.147.123.0,156.53.217.15,3631,7097,ICMP,1.210152,37,94,45477,4854,2023-01-01 10:24:00
199.246.86.127,98.19.45.194,26674,36334,TCP,1.419756,41,68,3016,3433,2023-01-01 10:25:00
190.66.3.185,192.126.57.180,39722,16306,TCP,1.803202,35,63,4574,4092,2023-01-01 10:26:00
152.46.37.142,110.128.80.193,33377,11219,UDP,1.492852,39,95,47309,1325,2023-01-01 10:27:00
190.20.226.56,156.83.69.7,37814,2561,TCP,1.151073,5,21,8274,4104,2023-01-01 10:28:00
116.180.45.243,28.111.178.160,13015,18162,ICMP,1.729142,12,73,43703,4350,2023-01-01 10:29:00
141.227.203.144,130.187.162.196,22192,45352,TCP,1.858373,16,15,16748,3468,2023-01-01 10:30:00
38.136.98.251,218.107.203.211,32123,60626,UDP,0.67964,23,62,21175,995,2023-01-01 10:31:00
76.206.209.114,108.19.72.166,40409,47226,ICMP,1.297899,29,25,40174,4005,2023-01-01 10:32:00
224.133.250.218,3.242.245.18,36943,41188,ICMP,0.926768,36,99,12826,1720,2023-01-01 10:33:00
150.186.90.97,101.218.172.170,32440,62033,ICMP,0.570592,16,14,18472,3963,2023-01-01 10:34:00
119.45.37.141,140.140.187.184,61806,25231,ICMP,1.50282,17,82,35129,2392,2023-01-01 10:35:00
99.244.71.189,85.219.51.110,6604,55683,TCP,1.794156,32,55,5473,1485,2023-01-01 10:36:00
34.146.29.254,180.108.85.42,8078,21643,UDP,0.744354,5,23,24490,3999,2023-01-01 10:37:00
77.250.83.112,210.199.243.199,25114,50716,TCP,1.71862,10,53,41087,3692,2023-01-01 10:38:00
24.167.87.13,41.89.239.114,41411,55686,TCP,1.780094,12,72,42435,2533,2023-01-01 10:39:00
153.101.214.149,25.150.42.76,16847,25869,ICMP,1.871511,8,61,10481,2906,2023-01-01 10:40:00
175.248.82.109,155.136.19.183,47039,25334,UDP,0.897928,9,35,9520,3483,2023-01-01 10:41:00
178.130.169.18,210.239.38.178,38365,38923,ICMP,1.85593,29,62,27415,1401,2023-01-01 10:42:00
200.27.211.172,11.206.222.182,16363,31586,TCP,0.980994,26,38,18570,858,2023-01-01 10:43:00
70.205.62.72,205.10.153.41,65437,29060,TCP,1.328507,32,28,20798,846,2023-01-01 10:44:00
250.123.118.120,154.10.37.97,4515,61776,ICMP,0.575761,43,56,4536,692,2023-01-01 10:45:00
251.18.174.243,170.18.191.133,1730,9721,TCP,0.565822,27,17,2773,2986,2023-01-01 10:46:00
141.119.165.180,173.115.229.112,32981,18537,TCP,1.58056,8,32,30894,4211,2023-01-01 10:47:00
60.163.167.208,169.219.64.98,16752,44063,ICMP,1.16672,8,44,44023,1168,2023-01-01 10:48:00
29.8.63.160,231.71.186.51,8021,4169,TCP,0.884439,25,62,36326,3407,2023-01-01 10:49:00
119.51.88.141,117.174.119.6,39025,28842,UDP,0.78562,41,67,6079,802,2023-01-01 10:50:00
202.52.226.232,10.102.60.67,61432,31568,ICMP,1.50493,45,14,26838,4808,2023-01-01 10:51:00
186.77.221.40,152.139.153.101,59121,63556,UDP,0.500602,6,25,22804,204,2023-01-01 10:52:00
195.250.67.219,109.139.170.50,65014,14124,TCP,1.708837,11,26,48109,1597,2023-01-01 10:53:00
7.1.104.124,116.164.45.52,39547,58729,TCP,0.618874,20,41,20675,3933,2023-01-01 10:54:00
109.85.168.119,87.207.120.12,57136,21128,ICMP,0.787234,21,61,26594,495,2023-01-01 10:55:00
126.254.182.15,88.124.117.53,26187,59824,TCP,1.079355,24,29,43749,3617,2023-01-01 10:56:00
220.61.112.175,184.115.117.3,18742,63392,ICMP,1.227288,27,75,37292,2753,2023-01-01 10:57:00
157.11.34.10,74.223.48.6,22996,5091,ICMP,1.032493,38,93,9998,3391,2023-01-01 10:58:00
63.237.49.212,109.121.10.91,19255,37987,ICMP,0.981068,15,91,14697,2110,2023-01-01 10:59:00
254.148.68.47,181.232.214.172,40643,60049,ICMP,1.945874,38,10,47374,3981,2023-01-01 11:00:00
19.100.194.171,22.241.27.234,13150,31752,ICMP,1.46237,37,67,14429,2088,2023-01-01 11:01:00
160.244.252.200,110.56.25.152,24619,33341,UDP,0.535149,30,92,49807,4637,2023-01-01 11:02:00
188.136.67.34,53.28.210.96,41657,32440,ICMP,1.145264,6,53,8140,1768,2023-01-01 11:03:00
208.225.215.223,163.13.77.34,13142,43036,UDP,1.812513,27,15,42553,4862,2023-01-01 11:04:00
64.7.44.86,29.91.16.194,4341,41073,TCP,0.952184,45,59,15901,1151,2023-01-01 11:05:00
174.167.75.181,207.237.157.243,46004,3533,ICMP,0.641835,26,81,24279,2941,2023-01-01 11:06:00
75.173.46.14,92.172.78.109,45139,22424,TCP,1.637577,38,97,29525,4823,2023-01-01 11:07:00
104.146.25.51,247.216.178.101,62670,49294,ICMP,1.409021,19,29,21491,3684,2023-01-01 11:08:00
92.149.231.20,105.250.46.180,44182,7557,UDP,1.355469,14,23,4280,447,2023-01-01 11:09:00
50.37.19.248,63.245.243.249,56987,54903,UDP,0.580365,19,14,35980,1363,2023-01-01 11:10:00
156.178.131.54,165.63.86.216,48655,50857,UDP,0.710749,46,50,48981,4765,2023-01-01 11:11:00
198.91.27.3,233.6.21.80,50340,64668,TCP,1.433824,33,49,30989,2842,2023-01-01 11:12:00
149.75.172.66,209.240.168.73,40852,15694,ICMP,0.811736,27,43,9078,2173,2023-01-01 11:13:00
85.235.193.215,137.184.134.239,60366,4956,TCP,1.256105,21,89,27118,3248,2023-01-01 11:14:00
161.90.182.104,124.49.229.218,16528,48387,UDP,1.317323,13,54,24985,1451,2023-01-01 11:15:00
0.71.86.165,51.160.0.235,4081,60497,TCP,0.925261,40,80,49704,2921,2023-01-01 11:16:00
5.213.152.209,180.187.161.3,27684,46833,UDP,1.922638,13,89,17997,3927,2023-01-01 11:17:00
144.60.11.5,144.131.170.245,38220,39352,UDP,1.763696,20,80,15274,769,2023-01-01 11:18:00
217.26.135.210,217.3.0.70,1426,37808,UDP,1.58356,40,36,1868,4913,2023-01-01 11:19:00
123.105.192.184,221.177.200.188,9629,24747,ICMP,0.616991,37,87,27398,2746,2023-01-01 11:20:00
92.108.240.98,34.7.252.151,58412,61670,ICMP,0.659195,35,87,17042,366,2023-01-01 11:21:00
167.141.34.175,210.35.177.243,16785,1743,UDP,1.239172,10,53,32820,1538,2023-01-01 11:22:00
236.83.55.176,122.42.26.31,56525,1098,TCP,0.74107,14,42,49175,2793,2023-01-01 11:23:00
140.188.229.48,77.120.145.155,54333,59661,TCP,1.967398,20,42,22246,1122,2023-01-01 11:24:00
45.112.189.135,251.156.15.98,28067,27522,ICMP,0.73778,8,53,21561,2137,2023-01-01 11:25:00
42.147.123.96,46.250.186.30,34659,32369,UDP,1.231202,26,29,17254,664,2023-01-01 11:26:00
89.38.84.244,3.164.16.38,14803,21565,TCP,1.046182,17,45,35512,1159,2023-01-01 11:27:00
176.191.61.105,47.173.217.175,16179,46953,UDP,1.45908,20,16,36024,1524,2023-01-01 11:28:00
106.53.125.232,38.232.131.29,42002,58687,TCP,0.693555,33,41,24996,4223,2023-01-01 11:29:00
8.87.36.48,157.21.202.65,34156,35941,ICMP,1.145475,10,76,29618,319,2023-01-01 11:30:00
40.16.87.20,107.11.221.35,24875,27052,UDP,0.912058,30,48,12859,505,2023-01-01 11:31:00
50.58.166.182,17.89.180.254,16390,30569,UDP,1.831627,15,33,24580,1737,2023-01-01 11:32:00
40.38.140.191,198.252.0.126,29432,15057,TCP,0.560879,28,95,6423,2418,2023-01-01 11:33:00
10.237.146.138,185.89.86.89,7595,32697,TCP,1.870591,33,79,38857,1859,2023-01-01 11:34:00
76.126.45.44,236.133.69.43,63604,31998,TCP,1.749491,7,97,7608,1774,2023-01-01 11:35:00
0.167.107.18,199.151.85.18,50755,59923,UDP,0.946356,14,96,43485,891,2023-01-01 11:36:00
75.71.199.188,100.145.94.253,57850,24121,ICMP,1.683936,5,63,5876,3682,2023-01-01 11:37:00
244.108.11.188,100.29.248.169,58913,37999,ICMP,0.54682,47,47,22038,1409,2023-01-01 11:38:00
239.160.44.89,32.201.228.11,15041,28632,TCP,1.950298,30,83,29006,3933,2023-01-01 11:39:00
102.219.249.196,117.93.154.166,40260,24549,ICMP,1.289892,16,89,36775,4512,2023-01-01 11:40:00
7.152.90.173,136.245.148.75,5174,58828,TCP,0.954922,18,84,31810,1430,2023-01-01 11:41:00
86.157.236.174,246.28.160.234,46857,16067,ICMP,1.043875,29,41,15325,4546,2023-01-01 11:42:00
214.176.174.83,189.116.14.1,20447,42870,UDP,0.599608,12,54,36892,610,2023-01-01 11:43:00
81.145.193.67,179.230.116.171,5161,12749,TCP,1.984024,47,70,2753,2672,2023-01-01 11:44:00
221.160.126.163,181.17.2.134,31016,37728,ICMP,0.558938,8,79,30531,4029,2023-01-01 11:45:00
81.228.146.238,170.209.235.165,46028,43099,UDP,1.482361,32,97,18996,591,2023-01-01 11:46:00
155.167.83.112,164.185.160.107,29926,51251,ICMP,1.164104,11,62,4275,1717,2023-01-01 11:47:00
224.75.121.242,186.94.121.10,50628,54052,UDP,1.923374,14,60,9747,2156,2023-01-01 11:48:00
142.40.166.1,67.122.209.195,45945,38407,UDP,0.869,40,85,46211,1620,2023-01-01 11:49:00
190.28.104.201,112.97.92.215,56713,30507,ICMP,1.29813,6,65,1824,1683,2023-01-01 11:50:00
193.50.74.204,21.193.171.126,14857,8289,ICMP,1.223534,30,36,14880,1675,2023-01-01 11:51:00
9.141.209.50,133.169.24.246,2405,23787,UDP,1.5543,18,47,44809,4046,2023-01-01 11:52:00
117.200.120.38,184.84.54.250,9178,11140,UDP,0.602015,20,71,2081,1861,2023-01-01 11:53:00
27.2.83.197,143.94.141.166,35259,16757,UDP,0.790684,47,27,12517,2091,2023-01-01 11:54:00
154.116.1.92,155.223.219.178,14463,47684,TCP,0.821847,46,73,22683,3279,2023-01-01 11:55:00
165.130.143.93,118.176.8.185,20146,26526,UDP,1.607226,21,86,17876,3426,2023-01-01 11:56:00
39.1.80.168,172.149.159.196,24980,38444,TCP,0.783708,26,39,38532,1146,2023-01-01 11:57:00
253.11.162.234,214.196.41.52,64903,56968,UDP,1.360238,8,58,9266,2992,2023-01-01 11:58:00
64.54.44.206,223.186.73.250,59584,44265,TCP,0.822866,23,50,12183,2713,2023-01-01 11:59:00
217.100.212.61,38.121.14.198,56923,10271,UDP,1.792437,6,22,22066,3992,2023-01-01 12:00:00
48.126.222.152,156.122.110.130,18288,24864,UDP,1.913278,43,43,13877,4244,2023-01-01 12:01:00
22.151.248.37,82.9.91.28,45798,22082,UDP,1.277739,13,34,10982,561,2023-01-01 12:02:00
27.20.181.106,206.34.5.139,4173,50717,ICMP,1.028463,23,75,9968,4531,2023-01-01 12:03:00
145.163.98.172,110.37.76.92,25684,35953,ICMP,0.851087,20,27,27598,1481,2023-01-01 12:04:00
118.72.180.229,146.66.135.7,63517,19659,UDP,0.574672,29,14,15639,1245,2023-01-01 12:05:00
121.29.187.107,246.121.83.174,41684,26652,TCP,0.90275,22,28,5674,3615,2023-01-01 12:06:00
97.31.194.194,131.178.84.194,21552,32386,TCP,1.481354,27,51,5316,4554,2023-01-01 12:07:00
155.171.78.40,44.135.86.15,49928,21977,UDP,1.300425,25,27,49082,292,2023-01-01 12:08:00
62.22.103.74,76.194.239.8,2192,20152,ICMP,1.916062,15,41,10695,3634,2023-01-01 12:09:00
47.159.249.250,59.77.76.244,46148,48380,TCP,1.094416,43,30,49582,855,2023-01-01 12:10:00
56.117.99.123,248.70.14.70,36921,13085,ICMP,1.540795,45,19,32094,1784,2023-01-01 12:11:00
160.151.166.33,101.225.168.21,16056,63368,TCP,1.233984,8,46,23187,2625,2023-01-01 12:12:00
183.155.164.6,151.112.228.171,53821,7065,UDP,1.268864,29,58,42147,927,2023-01-01 12:13:00
195.164.55.64,0.9.234.207,36318,13697,ICMP,0.901661,36,95,2214,989,2023-01-01 12:14:00
192.46.147.18,109.199.183.112,44851,62525,TCP,1.182426,34,22,24940,4848,2023-01-01 12:15:00
156.201.187.145,216.49.11.88,4540,62978,UDP,1.206177,49,64,45406,2555,2023-01-01 12:16:00
219.162.170.238,208.187.153.237,20775,62893,UDP,1.559964,30,26,26685,2433,2023-01-01 12:17:00
222.218.125.138,111.77.168.163,31397,22083,UDP,1.91096,40,18,44481,210,2023-01-01 12:18:00
48.112.37.63,120.22.170.133,57514,35352,ICMP,0.993982,38,97,16977,4815,2023-01-01 12:19:00
68.135.161.175,238.196.170.24,31294,45746,ICMP,0.563301,13,53,45839,892,2023-01-01 12:20:00
115.183.203.229,17.189.140.42,11410,18572,UDP,1.244443,16,87,36904,4783,2023-01-01 12:21:00
64.30.131.112,77.27.145.58,37347,16102,ICMP,1.316692,6,55,26538,2743,2023-01-01 12:22:00
108.177.68.157,187.62.184.91,49804,6443,TCP,0.752661,42,17,40386,3514,2023-01-01 12:23:00
119.87.186.66,178.55.154.159,15181,36514,UDP,1.640697,9,46,39033,1409,2023-01-01 12:24:00
74.44.3.153,110.136.231.223,38903,11574,UDP,1.977394,9,28,8965,396,2023-01-01 12:25:00
154.173.245.106,211.219.224.67,40544,50646,ICMP,1.918662,26,72,10597,1729,2023-01-01 12:26:00
191.218.233.50,45.248.225.239,50621,59784,UDP,0.795659,9,55,42476,668,2023-01-01 12:27:00
49.5.58.124,66.153.135.5,40156,31361,TCP,1.813045,8,80,28740,4805,2023-01-01 12:28:00
142.244.29.169,207.23.175.230,4650,2492,ICMP,1.55674,13,35,7569,4211,2023-01-01 12:29:00
228.121.124.36,93.172.12.196,21424,25333,ICMP,1.18077,33,55,38981,171,2023-01-01 12:30:00
169.123.100.34,24.147.117.81,37667,1832,UDP,1.310916,26,55,12881,4465,2023-01-01 12:31:00
86.133.195.17,110.81.65.201,39289,25771,UDP,1.7744,31,84,37996,4482,2023-01-01 12:32:00
251.200.112.28,246.44.113.174,17003,7743,UDP,1.220202,14,23,33177,165,2023-01-01 12:33:00
76.58.174.125,62.75.238.204,12553,62494,ICMP,1.059811,20,94,38177,979,2023-01-01 12:34:00
243.144.108.223,113.110.248.182,56414,17387,UDP,1.239871,46,72,1590,167,2023-01-01 12:35:00
239.21.67.68,202.146.34.230,17669,29742,TCP,1.368695,46,81,27119,1316,2023-01-01 12:36:00
164.232.48.140,52.25.237.13,27448,29825,UDP,0.783616,14,12,28915,3127,2023-01-01 12:37:00
161.108.85.52,117.44.171.215,55168,44383,UDP,1.851362,10,37,3708,3339,2023-01-01 12:38:00
122.86.178.130,232.192.50.170,14406,38865,ICMP,1.51128,9,38,39749,3580,2023-01-01 12:39:00
41.97.159.108,118.213.150.183,5049,9036,UDP,1.449903,10,96,45989,607,2023-01-01 12:40:00
50.249.240.84,245.18.81.75,44250,19053,ICMP,0.649244,29,27,23106,3814,2023-01-01 12:41:00
173.126.235.20,182.219.91.187,14868,47684,UDP,1.406261,8,44,18131,2984,2023-01-01 12:42:00
43.138.102.67,186.32.146.27,58459,42041,TCP,0.681441,44,86,47553,1225,2023-01-01 12:43:00
242.128.91.190,122.179.252.125,54398,51305,TCP,0.618047,36,85,7553,985,2023-01-01 12:44:00
23.124.226.140,176.36.153.98,5199,48939,ICMP,1.290966,39,56,18881,2941,2023-01-01 12:45:00
110.97.138.227,97.126.226.167,31543,51529,ICMP,1.104178,14,14,2379,3977,2023-01-01 12:46:00
178.252.16.98,79.37.76.125,61677,1791,UDP,1.383215,38,84,26255,4970,2023-01-01 12:47:00
251.81.103.213,86.251.53.149,10198,4919,UDP,0.633833,40,68,41128,2625,2023-01-01 12:48:00
248.151.249.18,15.27.239.162,4467,59050,TCP,1.146475,10,84,4770,1025,2023-01-01 12:49:00
164.230.84.7,187.172.45.71,22419,53630,UDP,0.76218,47,68,20726,4315,2023-01-01 12:50:00
27.4.144.100,235.182.246.213,11749,43992,TCP,1.98065,20,56,48217,2038,2023-01-01 12:51:00
163.117.146.254,84.25.231.84,34485,41121,ICMP,1.341725,23,22,10088,3914,2023-01-01 12:52:00
63.90.116.97,152.232.64.133,62488,16356,UDP,1.531155,38,87,35314,3462,2023-01-01 12:53:00
10.53.172.46,150.114.63.86,42139,15645,ICMP,0.988127,29,98,39976,4683,2023-01-01 12:54:00
139.245.148.245,170.106.150.95,45572,12358,UDP,0.642108,35,42,17350,3332,2023-01-01 12:55:00
138.230.219.4,157.76.234.145,32375,19198,TCP,1.963806,45,71,42643,3844,2023-01-01 12:56:00
208.183.19.168,86.206.224.148,19220,59845,ICMP,0.929389,21,88,35063,3565,2023-01-01 12:57:00
45.249.11.69,56.102.150.90,47633,34677,ICMP,1.135712,34,25,16861,540,2023-01-01 12:58:00
16.114.146.153,44.171.209.87,15278,41526,UDP,1.474796,43,53,14973,3711,2023-01-01 12:59:00
47.107.235.51,114.46.167.178,15045,37698,ICMP,0.537046,35,67,18769,561,2023-01-01 13:00:00
95.69.254.182,169.134.49.175,47160,38284,TCP,1.715389,23,15,48249,711,2023-01-01 13:01:00
249.227.101.74,83.90.133.90,6748,43522,ICMP,1.304867,39,98,18326,3571,2023-01-01 13:02:00
160.189.215.150,136.244.108.56,29714,3097,ICMP,0.917326,33,24,37048,3263,2023-01-01 13:03:00
142.154.202.191,30.20.89.39,2431,50488,UDP,0.592412,5,13,47365,105,2023-01-01 13:04:00
248.242.241.208,111.44.76.176,9056,7293,ICMP,0.743748,8,65,3786,4876,2023-01-01 13:05:00
178.180.205.218,86.147.100.245,59584,64052,UDP,1.842551,32,73,36001,4070,2023-01-01 13:06:00
81.91.178.174,116.91.144.27,48364,55493,UDP,1.529036,22,77,2620,2958,2023-01-01 13:07:00
254.238.3.134,168.193.24.57,18818,18218,ICMP,0.874853,30,43,37303,2706,2023-01-01 13:08:00
108.162.47.254,241.40.133.74,20905,27835,TCP,0.598401,44,65,20589,198,2023-01-01 13:09:00
72.71.115.172,248.252.37.133,21780,7865,UDP,1.535923,23,41,3882,625,2023-01-01 13:10:00
80.80.112.224,172.74.141.65,41186,61225,ICMP,1.358612,10,18,25524,1280,2023-01-01 13:11:00
95.71.146.62,167.2.246.116,30440,44747,UDP,1.106779,5,72,10745,1789,2023-01-01 13:12:00
37.66.186.68,98.224.151.18,50727,35824,TCP,1.045417,12,81,37665,1238,2023-01-01 13:13:00
12.174.237.188,145.191.240.115,45378,10723,TCP,0.825221,37,87,16861,4591,2023-01-01 13:14:00
30.246.207.113,124.87.236.34,26776,46529,UDP,1.504417,47,42,27171,4965,2023-01-01 13:15:00
223.21.92.213,189.0.227.152,13950,11786,TCP,1.956002,25,96,27199,3171,2023-01-01 13:16:00
170.66.53.137,172.176.251.125,54508,60262,ICMP,0.763573,28,30,3837,3027,2023-01-01 13:17:00
41.63.125.20,234.225.88.143,34789,63841,ICMP,1.395675,29,64,9599,2892,2023-01-01 13:18:00
207.203.193.168,225.220.146.150,54252,40921,UDP,1.136278,47,85,16911,4878,2023-01-01 13:19:00
151.34.183.29,210.24.15.181,15414,52881,TCP,1.170033,23,66,21553,114,2023-01-01 13:20:00
56.221.46.162,242.72.128.41,39891,42580,ICMP,0.881221,33,11,40489,2515,2023-01-01 13:21:00
18.113.7.25,146.224.161.79,22963,3171,ICMP,1.737702,14,22,24813,2785,2023-01-01 13:22:00
112.231.70.29,235.103.182.145,28331,34407,ICMP,1.227883,16,13,39255,3000,2023-01-01 13:23:00
134.66.64.35,33.88.124.44,31852,34739,UDP,1.315109,37,93,48889,1336,2023-01-01 13:24:00
24.36.0.142,133.20.121.69,29537,39469,UDP,0.957141,11,59,30520,4200,2023-01-01 13:25:00
36.140.231.135,95.104.47.234,54228,54827,ICMP,0.772713,21,57,30541,3320,2023-01-01 13:26:00
132.187.127.200,38.30.233.9,55479,62741,ICMP,0.628866,14,87,1236,1707,2023-01-01 13:27:00
126.0.163.34,29.248.243.17,25526,62132,TCP,1.571179,35,39,28350,3663,2023-01-01 13:28:00
193.190.103.22,187.87.243.124,31087,41658,TCP,0.794351,10,38,45397,3397,2023-01-01 13:29:00
8.33.173.205,72.222.14.3,23510,3037,TCP,1.535113,21,17,12549,2733,2023-01-01 13:30:00
127.3.157.222,190.167.8.108,47301,21105,UDP,1.085565,41,21,28453,3990,2023-01-01 13:31:00
101.74.98.71,136.153.131.208,39282,17898,ICMP,1.123662,22,50,36191,4364,2023-01-01 13:32:00
2.141.187.204,15.142.98.120,58740,54526,UDP,1.203766,30,35,13906,2908,2023-01-01 13:33:00
172.223.33.44,51.68.246.4,32716,52604,ICMP,1.051563,20,59,15988,891,2023-01-01 13:34:00
60.82.122.101,19.78.145.110,39408,38779,TCP,0.65093,12,11,28723,1099,2023-01-01 13:35:00
15.65.167.144,1.92.12.3,16982,9757,TCP,0.964448,28,64,34800,251,2023-01-01 13:36:00
118.161.233.123,169.108.73.188,36040,10503,TCP,1.495602,17,65,40107,3163,2023-01-01 13:37:00
143.101.187.65,94.104.7.66,18256,10849,TCP,1.498677,33,23,28430,4699,2023-01-01 13:38:00
193.217.12.183,239.190.109.255,11772,22328,ICMP,0.929336,36,15,33535,2191,2023-01-01 13:39:00
110.158.251.33,8.221.116.10,63809,36718,TCP,1.190154,28,90,3940,4699,2023-01-01 13:40:00
38.194.135.214,98.228.252.41,11538,59720,ICMP,0.790171,20,98,22793,4182,2023-01-01 13:41:00
205.119.125.54,140.163.119.140,23762,41074,ICMP,0.815558,15,70,13262,4126,2023-01-01 13:42:00
26.117.220.230,11.36.73.251,9719,16659,UDP,0.534571,36,21,45420,3077,2023-01-01 13:43:00
52.38.64.144,247.72.51.198,9094,49639,TCP,1.84512,10,22,38710,942,2023-01-01 13:44:00
232.157.180.12,129.245.55.59,28789,21784,TCP,0.81606,39,28,7961,4546,2023-01-01 13:45:00
20.146.52.18,22.102.39.63,42686,10514,UDP,0.841301,37,53,27499,3893,2023-01-01 13:46:00
56.24.213.30,230.84.150.156,53801,22276,ICMP,0.919402,22,98,41498,2170,2023-01-01 13:47:00
80.182.22.31,205.217.178.196,31785,40778,TCP,0.691112,41,68,32283,1759,2023-01-01 13:48:00
189.73.9.227,246.222.88.30,17722,7886,ICMP,1.458894,17,46,1633,697,2023-01-01 13:49:00
199.53.51.147,177.19.235.182,16147,45951,UDP,0.612714,14,34,7822,2613,2023-01-01 13:50:00
159.113.13.177,208.236.129.152,36168,5447,ICMP,0.701304,41,25,26968,4235,2023-01-01 13:51:00
155.109.243.52,12.121.102.219,26640,11474,TCP,1.467135,30,47,40255,4370,2023-01-01 13:52:00
151.78.21.29,105.118.69.194,38170,57046,ICMP,1.009491,21,52,48899,3703,2023-01-01 13:53:00
190.3.204.58,185.98.81.74,12206,63386,ICMP,1.561922,5,96,20830,1316,2023-01-01 13:54:00
214.7.209.11,117.83.191.68,25857,63015,TCP,1.336137,29,23,6738,2391,2023-01-01 13:55:00
118.158.205.33,210.213.58.187,34366,41951,TCP,0.884032,38,15,4098,3911,2023-01-01 13:56:00
81.247.97.126,210.125.110.61,63037,35865,ICMP,1.476242,43,98,30888,1031,2023-01-01 13:57:00
74.104.203.48,143.127.215.104,32355,23578,ICMP,0.674411,14,32,9097,2238,2023-01-01 13:58:00
78.184.222.240,67.14.216.235,47122,50877,UDP,1.304616,24,69,14136,4102,2023-01-01 13:59:00
249.92.153.17,182.34.182.13,27152,32850,TCP,1.155722,11,21,39244,3078,2023-01-01 14:00:00
95.213.37.208,176.210.101.99,32580,43903,ICMP,0.90181,20,22,9253,3992,2023-01-01 14:01:00
86.87.49.7,6.29.210.48,62886,58289,TCP,1.406007,41,15,26208,4695,2023-01-01 14:02:00
168.133.68.171,216.143.110.245,22993,7849,UDP,1.807,33,72,5887,3018,2023-01-01 14:03:00
120.63.156.155,231.178.71.209,22900,44444,ICMP,1.998357,16,47,45411,2664,2023-01-01 14:04:00
138.120.64.106,219.79.243.82,9973,13478,ICMP,1.411644,21,59,10492,1863,2023-01-01 14:05:00
146.136.154.161,41.16.190.172,52986,25275,ICMP,1.107059,24,61,36421,2270,2023-01-01 14:06:00
171.195.99.81,204.6.154.9,25542,21672,TCP,0.837811,30,49,2454,435,2023-01-01 14:07:00
142.50.140.82,33.35.152.5,59472,41760,UDP,0.885644,23,17,18522,1276,2023-01-01 14:08:00
176.197.111.55,151.145.214.133,6694,25554,TCP,1.219182,16,70,39575,3121,2023-01-01 14:09:00
203.178.164.144,28.125.152.182,25123,13540,ICMP,1.050917,25,17,4192,878,2023-01-01 14:10:00
185.214.217.156,80.173.151.74,40359,48082,UDP,1.870722,46,43,46580,1285,2023-01-01 14:11:00
160.59.218.216,25.126.114.125,13740,41568,ICMP,1.052443,38,88,16775,3385,2023-01-01 14:12:00
119.182.137.174,225.27.130.74,53635,9582,ICMP,1.060167,11,69,11402,3547,2023-01-01 14:13:00
22.212.148.234,165.188.77.178,39909,9743,TCP,1.075302,49,66,14074,4091,2023-01-01 14:14:00
12.100.160.23,89.175.20.53,54168,5910,ICMP,1.75493,39,55,16245,2570,2023-01-01 14:15:00
107.10.16.195,183.102.221.58,8861,62086,UDP,1.476182,19,31,37527,1038,2023-01-01 14:16:00
174.24.93.200,71.178.19.111,50379,29209,ICMP,1.421253,5,96,26936,4999,2023-01-01 14:17:00
20.83.210.210,223.213.58.70,48323,54111,ICMP,1.001215,30,49,28002,4106,2023-01-01 14:18:00
139.36.41.144,136.108.128.156,20183,38411,TCP,1.726856,39,54,16683,2035,2023-01-01 14:19:00
100.245.47.102,190.199.55.245,60700,22599,UDP,0.557546,29,64,13460,733,2023-01-01 14:20:00
27.255.40.98,195.34.122.130,52168,47748,TCP,1.806196,46,60,31482,1353,2023-01-01 14:21:00
46.239.145.255,245.236.103.6,52419,44137,ICMP,1.269125,19,95,17447,1182,2023-01-01 14:22:00
205.226.235.104,26.0.218.207,42290,40667,TCP,1.097375,26,14,49228,2243,2023-01-01 14:23:00
123.198.232.12,229.198.171.86,51863,11124,TCP,1.245751,10,22,18729,1385,2023-01-01 14:24:00
209.228.140.99,40.122.74.41,37901,61380,TCP,1.501123,19,37,21545,453,2023-01-01 14:25:00
30.129.15.136,116.160.177.62,52036,8880,TCP,0.519148,28,93,29204,1985,2023-01-01 14:26:00
72.165.202.53,227.164.232.186,60329,39193,ICMP,1.807328,25,89,10814,1918,2023-01-01 14:27:00
183.213.224.99,126.208.226.175,22584,29828,ICMP,1.170109,11,71,14890,2620,2023-01-01 14:28:00
108.86.172.236,132.47.223.2,18130,65045,UDP,1.01445,33,96,2740,4108,2023-01-01 14:29:00
161.136.215.7,115.174.189.98,59147,36814,TCP,0.707368,36,33,31121,3122,2023-01-01 14:30:00
6.35.17.2,115.13.190.111,47313,32012,TCP,1.159198,36,16,12218,2684,2023-01-01 14:31:00
27.69.235.171,252.60.158.94,9744,45467,UDP,1.244484,9,47,7055,1647,2023-01-01 14:32:00
148.27.231.53,16.123.23.115,38685,11936,TCP,1.10547,8,46,23705,4118,2023-01-01 14:33:00
181.64.99.20,150.81.49.245,50519,39530,UDP,1.51799,26,77,35722,4304,2023-01-01 14:34:00
251.234.226.12,205.241.78.78,29386,48918,ICMP,1.131345,22,51,43000,1468,2023-01-01 14:35:00
56.48.117.53,69.26.14.49,29282,23392,UDP,1.942126,39,95,7439,3437,2023-01-01 14:36:00
137.52.43.46,35.246.7.78,22806,2794,TCP,1.398916,21,14,31921,1857,2023-01-01 14:37:00
52.73.45.12,130.189.46.204,42192,13329,UDP,1.711217,28,73,34729,1617,2023-01-01 14:38:00
164.101.23.1,104.97.215.231,22144,10993,ICMP,0.664034,6,59,24211,3584,2023-01-01 14:39:00
213.80.99.141,95.188.159.255,20814,13428,TCP,1.095937,17,96,31614,3785,2023-01-01 14:40:00
137.162.152.130,221.115.240.12,59679,10013,ICMP,1.005272,19,24,18601,3152,2023-01-01 14:41:00
110.101.16.11,0.33.189.78,60667,37007,ICMP,1.354224,9,82,28796,2796,2023-01-01 14:42:00
181.115.23.28,235.77.120.92,28936,45772,UDP,1.79167,7,62,7007,290,2023-01-01 14:43:00
170.152.227.121,97.81.245.198,48398,40486,ICMP,0.617507,41,34,21514,1032,2023-01-01 14:44:00
187.89.229.64,220.246.158.191,43931,20384,TCP,0.608862,41,98,18776,4337,2023-01-01 14:45:00
83.118.155.15,252.152.37.13,51095,21145,ICMP,1.775477,41,94,3076,3338,2023-01-01 14:46:00
174.208.103.91,135.90.53.129,55995,27311,ICMP,0.819275,7,18,26350,2315,2023-01-01 14:47:00
185.203.26.245,208.100.205.88,35836,50928,UDP,1.50313,39,47,39964,665,2023-01-01 14:48:00
180.169.186.174,55.93.92.83,50594,44453,ICMP,1.314317,27,31,17292,1234,2023-01-01 14:49:00
221.232.161.164,84.188.244.21,51925,62337,UDP,1.74934,32,96,32510,843,2023-01-01 14:50:00
133.134.223.223,34.228.15.49,61210,35184,UDP,0.687633,34,58,29000,772,2023-01-01 14:51:00
244.152.32.54,121.127.112.170,57554,7813,TCP,0.694674,22,77,44083,3011,2023-01-01 14:52:00
185.6.243.56,16.79.185.246,63852,28205,TCP,1.335228,40,24,31383,630,2023-01-01 14:53:00
125.11.15.207,129.131.84.166,51275,15409,TCP,1.919568,37,74,12785,3121,2023-01-01 14:54:00
42.116.227.204,225.93.133.80,37184,18085,TCP,1.122497,30,63,41910,661,2023-01-01 14:55:00
134.227.110.50,230.216.68.68,20180,1129,UDP,0.990413,44,39,40028,401,2023-01-01 14:56:00
200.159.74.7,147.191.15.50,11696,45271,ICMP,1.410034,21,29,25855,3867,2023-01-01 14:57:00
224.214.216.247,104.164.231.200,15468,22161,TCP,1.895673,44,42,25281,4380,2023-01-01 14:58:00
199.44.213.58,196.169.184.65,7808,35738,TCP,1.755392,11,95,49302,609,2023-01-01 14:59:00
131.103.194.156,8.106.99.85,18953,6568,TCP,1.993225,12,86,5841,3545,2023-01-01 15:00:00
232.156.97.225,63.213.21.161,2094,51271,ICMP,0.533853,35,16,32668,2303,2023-01-01 15:01:00
155.204.78.123,182.156.165.250,23930,14299,TCP,0.669287,16,17,27918,2934,2023-01-01 15:02:00
214.171.217.3,109.96.17.70,35642,40777,ICMP,1.414202,35,37,47152,894,2023-01-01 15:03:00
89.103.136.118,192.126.96.0,63583,64272,UDP,1.730865,48,54,18443,2579,2023-01-01 15:04:00
132.55.95.211,215.131.3.124,55229,35574,UDP,0.927867,23,82,33250,1623,2023-01-01 15:05:00
177.74.142.31,81.26.170.58,46182,54717,UDP,0.858817,14,98,2922,4956,2023-01-01 15:06:00
27.21.232.16,31.160.27.105,3963,64412,ICMP,1.680464,43,89,32976,2294,2023-01-01 15:07:00
58.89.235.198,104.182.227.187,65365,20665,TCP,0.584573,16,83,12991,2628,2023-01-01 15:08:00
105.184.25.24,69.61.207.33,30865,7237,TCP,1.054074,24,20,39869,534,2023-01-01 15:09:00
137.250.44.82,86.113.105.215,43887,60365,TCP,1.258714,41,40,23733,2138,2023-01-01 15:10:00
10.204.180.199,55.112.12.183,17325,15509,TCP,1.340523,45,21,3473,1806,2023-01-01 15:11:00
103.67.238.94,17.181.204.112,8218,16629,TCP,1.592923,11,87,9108,168,2023-01-01 15:12:00
155.202.234.64,228.170.38.188,6875,38661,ICMP,1.032269,18,60,29715,2004,2023-01-01 15:13:00
48.174.51.101,169.208.78.145,56849,51737,UDP,1.419027,15,53,49218,4059,2023-01-01 15:14:00
215.181.187.56,150.181.242.29,17402,21414,TCP,1.378063,11,59,43811,3051,2023-01-01 15:15:00
46.158.232.173,249.97.57.195,1702,10891,UDP,1.321424,33,26,33210,4749,2023-01-01 15:16:00
241.25.240.113,66.70.247.145,31664,59490,ICMP,1.460725,14,44,49978,2813,2023-01-01 15:17:00
4.83.51.104,105.6.39.69,34780,5005,ICMP,0.889174,33,10,38317,3469,2023-01-01 15:18:00
202.247.53.160,213.249.192.67,30801,10517,TCP,0.626973,13,38,34362,4695,2023-01-01 15:19:00
177.165.154.225,237.48.51.113,60843,6706,ICMP,0.678908,40,60,5889,3827,2023-01-01 15:20:00
14.223.60.121,106.28.148.217,27207,6806,UDP,0.836874,14,73,25021,2504,2023-01-01 15:21:00
20.45.196.133,77.8.250.174,28469,51119,TCP,1.250297,23,13,9212,3425,2023-01-01 15:22:00
37.61.85.189,75.41.178.183,2526,54726,TCP,1.760664,35,96,32971,3646,2023-01-01 15:23:00
209.77.201.45,178.197.127.19,51965,30823,UDP,1.55194,21,37,4201,2403,2023-01-01 15:24:00
140.222.221.2,215.154.165.71,22689,42929,TCP,1.683561,13,25,41622,3781,2023-01-01 15:25:00
221.5.92.7,64.181.240.112,17222,18008,TCP,1.026463,49,72,40531,3321,2023-01-01 15:26:00
171.236.234.107,23.127.174.198,22435,61068,UDP,1.106981,37,85,44421,4474,2023-01-01 15:27:00
160.208.239.74,82.213.62.184,51601,46804,TCP,1.090523,38,62,25346,1182,2023-01-01 15:28:00
76.49.10.94,182.59.98.61,16891,23784,TCP,0.78781,49,94,38958,545,2023-01-01 15:29:00
155.235.69.168,29.220.21.202,63525,27017,UDP,0.591825,28,26,14715,4950,2023-01-01 15:30:00
15.67.98.251,211.125.156.242,15290,2548,ICMP,1.386374,13,49,6681,1692,2023-01-01 15:31:00
47.183.63.186,168.41.97.192,40446,53942,UDP,1.983825,11,22,37446,2875,2023-01-01 15:32:00
89.189.248.75,30.157.111.145,36232,50426,TCP,0.750245,20,61,47870,3916,2023-01-01 15:33:00
138.100.88.17,246.121.16.37,44026,27144,UDP,0.570027,23,67,17720,3153,2023-01-01 15:34:00
18.214.54.101,141.214.216.206,57032,1102,TCP,1.669298,43,46,2667,1690,2023-01-01 15:35:00
117.209.153.133,109.183.21.194,32237,36915,TCP,0.878879,10,88,29152,2331,2023-01-01 15:36:00
3.107.114.28,55.118.146.56,8391,26497,UDP,1.744466,15,85,9204,1661,2023-01-01 15:37:00
58.124.97.16,171.225.34.113,59646,40856,TCP,1.555905,16,70,38890,4372,2023-01-01 15:38:00
106.42.244.79,124.128.51.84,14514,46860,ICMP,1.91851,46,88,25537,3746,2023-01-01 15:39:00
193.161.246.7,220.197.164.64,36386,9441,TCP,1.113391,17,43,12217,3338,2023-01-01 15:40:00
140.105.7.221,178.128.218.20,54865,14386,UDP,1.492955,16,79,49351,1700,2023-01-01 15:41:00
95.227.238.93,180.15.235.122,52612,2233,ICMP,1.197282,25,26,34741,2156,2023-01-01 15:42:00
64.170.38.80,60.53.167.25,39309,38945,ICMP,1.445883,14,29,21654,4431,2023-01-01 15:43:00
186.83.87.241,79.219.64.99,62171,5922,TCP,1.174398,24,82,2408,809,2023-01-01 15:44:00
85.92.85.43,73.191.170.16,60573,63205,UDP,0.782948,40,68,43903,3071,2023-01-01 15:45:00
136.164.73.35,120.186.22.134,10243,19586,TCP,1.261846,32,78,19672,2832,2023-01-01 15:46:00
100.219.255.155,171.180.70.107,7334,65534,TCP,1.292876,28,96,42506,893,2023-01-01 15:47:00
169.254.170.212,78.161.45.236,37331,11895,UDP,1.715906,9,42,48117,3199,2023-01-01 15:48:00
215.169.251.103,195.205.77.15,30655,8634,UDP,1.603281,41,87,2218,2955,2023-01-01 15:49:00
65.54.199.175,70.95.146.1,15768,44869,TCP,1.495687,16,26,37145,126,2023-01-01 15:50:00
90.21.100.154,9.177.124.80,20891,28406,ICMP,0.670081,39,66,44732,3367,2023-01-01 15:51:00
120.92.194.107,228.139.69.149,57547,16815,TCP,1.580924,44,92,31105,184,2023-01-01 15:52:00
140.172.9.227,31.104.83.128,19649,59071,ICMP,1.250458,6,10,5098,3201,2023-01-01 15:53:00
8.181.247.246,181.238.244.57,7402,36336,TCP,1.841149,45,22,8619,1222,2023-01-01 15:54:00
154.33.242.128,197.210.145.133,20173,39314,UDP,1.879806,49,36,12939,111,2023-01-01 15:55:00
159.88.92.70,44.96.22.22,43157,3394,ICMP,0.582735,43,79,19226,1848,2023-01-01 15:56:00
240.66.211.147,153.204.134.78,12446,20689,UDP,1.730962,46,68,26322,3209,2023-01-01 15:57:00
116.93.162.98,43.26.25.96,28950,5734,UDP,0.556546,13,15,17878,1976,2023-01-01 15:58:00
112.102.90.89,206.35.108.54,38703,1352,UDP,1.050754,26,32,7560,2719,2023-01-01 15:59:00
205.16.17.172,191.218.184.68,34195,47475,UDP,1.31345,9,19,39278,279,2023-01-01 16:00:00
115.92.211.180,60.129.54.121,14204,39371,UDP,0.722151,16,60,37212,896,2023-01-01 16:01:00
90.81.67.192,96.79.86.37,28325,21636,TCP,1.619471,5,28,30299,3913,2023-01-01 16:02:00
113.0.57.153,118.207.77.156,53558,46914,ICMP,0.512532,48,60,8543,2124,2023-01-01 16:03:00
108.147.115.86,153.34.78.66,37955,7818,TCP,0.752899,26,96,24946,3317,2023-01-01 16:04:00
9.58.202.40,86.156.33.96,25038,33912,TCP,1.371195,42,77,32740,986,2023-01-01 16:05:00
104.132.121.192,168.168.150.70,50263,7773,TCP,1.571581,23,93,46197,2568,2023-01-01 16:06:00
144.21.97.247,2.57.31.30,31960,47555,UDP,1.874965,20,92,8253,3487,2023-01-01 16:07:00
236.168.220.67,81.42.134.104,15360,51140,TCP,1.558245,35,51,14775,1619,2023-01-01 16:08:00
196.255.138.55,0.60.13.179,59526,21632,ICMP,1.507669,7,66,33813,2532,2023-01-01 16:09:00
178.148.98.75,223.5.102.9,23224,16474,TCP,1.091512,27,77,28632,4966,2023-01-01 16:10:00
25.114.146.108,70.89.225.157,6494,4699,UDP,0.501927,46,47,49365,1016,2023-01-01 16:11:00
187.198.46.246,227.148.125.187,31883,55870,ICMP,0.680239,22,71,3057,2170,2023-01-01 16:12:00
70.153.39.132,208.96.73.114,15977,19484,ICMP,1.301832,30,16,34431,4076,2023-01-01 16:13:00
148.205.131.22,190.238.169.50,40068,57041,ICMP,1.512695,17,80,38436,1881,2023-01-01 16:14:00
105.83.142.241,191.203.55.207,39531,39435,ICMP,1.126172,22,59,19413,438,2023-01-01 16:15:00
115.108.220.135,40.31.14.61,54449,58700,TCP,1.596019,7,61,31225,1616,2023-01-01 16:16:00
40.111.146.111,154.27.208.63,28457,12584,UDP,1.282793,27,35,39485,2970,2023-01-01 16:17:00
102.45.155.237,237.186.241.185,26981,55425,ICMP,0.611264,7,35,3696,3682,2023-01-01 16:18:00
248.218.67.121,129.126.35.113,7547,51492,ICMP,0.788024,29,28,46968,1014,2023-01-01 16:19:00
14.226.164.128,198.12.14.88,22411,51372,UDP,1.759997,31,18,17101,3390,2023-01-01 16:20:00
194.110.23.26,214.187.21.255,58214,33487,TCP,1.587369,48,70,9831,4670,2023-01-01 16:21:00
39.190.188.163,190.217.224.202,48785,32687,ICMP,1.842143,31,29,20047,1546,2023-01-01 16:22:00
225.220.23.23,73.24.100.175,32193,49175,TCP,0.676336,43,59,6004,1479,2023-01-01 16:23:00
233.3.66.33,170.116.165.40,46665,4194,TCP,1.985334,29,89,23705,1583,2023-01-01 16:24:00
184.176.214.180,172.87.167.109,24014,59797,TCP,0.81411,28,90,46924,2174,2023-01-01 16:25:00
247.115.22.108,119.96.144.215,30685,34147,TCP,0.51767,12,31,22509,900,2023-01-01 16:26:00
68.94.253.180,228.56.129.95,14443,29834,ICMP,1.996134,13,22,38170,1346,2023-01-01 16:27:00
61.168.56.252,120.251.61.215,15481,10742,ICMP,0.921611,41,21,44555,2837,2023-01-01 16:28:00
248.187.53.69,136.67.80.16,3088,62265,TCP,1.502029,34,19,15662,3595,2023-01-01 16:29:00
100.56.137.167,116.49.111.93,39107,63661,TCP,0.765023,23,74,39680,4934,2023-01-01 16:30:00
134.102.165.84,167.185.202.84,11590,1052,UDP,1.370343,20,39,1394,3357,2023-01-01 16:31:00
60.211.2.127,148.145.182.156,34109,63394,UDP,1.856052,28,17,48403,3977,2023-01-01 16:32:00
178.85.46.195,151.73.108.144,32552,48623,UDP,0.980272,48,30,37365,1081,2023-01-01 16:33:00
219.75.37.242,17.41.239.211,51678,18421,ICMP,1.505381,25,31,11524,2576,2023-01-01 16:34:00
254.163.238.168,100.44.81.16,7154,44686,UDP,0.781855,40,27,34097,2188,2023-01-01 16:35:00
196.140.86.57,72.13.176.156,41211,42811,ICMP,1.437193,44,75,27673,3052,2023-01-01 16:36:00
49.29.189.100,222.131.81.250,3066,46430,ICMP,1.004676,43,57,18156,1111,2023-01-01 16:37:00
24.111.154.178,147.119.119.46,5622,48681,ICMP,0.816812,10,53,2645,3564,2023-01-01 16:38:00
205.184.125.239,106.107.8.204,44006,3048,ICMP,0.969773,9,18,30049,2850,2023-01-01 16:39:00
